filename,width,height,class,xmin,ymin,xmax,ymax
1.jpg,263,550,jeans,30,25,234,479
10.jpg,300,300,trouser,95,12,205,248
100.jpg,201,300,shorts,18,65,194,159
1000.jpg,200,300,skirt,60,173,199,286
1000.jpg,200,300,sleeveless,49,55,183,265
1001.jpg,186,300,skirt,3,93,174,214
1001.jpg,186,300,sleeveless,47,46,144,148
1002.jpg,205,300,sleeveless,53,76,179,238
1003.jpg,153,300,shorts,19,6,135,89
1004.jpg,225,300,sleeveless,57,71,177,213
1004.jpg,225,300,shorts,48,199,184,297
1005.jpg,300,300,jeans,104,117,196,291
1006.jpg,202,300,jeans,30,17,155,258
1007.jpg,300,300,shorts,73,8,273,139
1008.jpg,300,300,jeans,33,24,139,270
1008.jpg,300,300,jeans,184,26,289,268
1009.jpg,200,250,sleeveless,63,69,145,173
1009.jpg,200,250,shorts,58,160,141,229
101.jpg,201,300,shorts,11,93,188,224
1010.jpg,300,300,skirt,4,25,300,275
1011.jpg,209,300,skirt,7,7,201,285
1012.jpg,200,250,shorts,16,69,186,243
1013.jpg,201,301,skirt,1,77,199,221
1014.jpg,300,300,skirt,157,97,229,200
1015.jpg,300,300,skirt,148,162,289,299
1015.jpg,300,300,skirt,23,165,151,286
1016.jpg,236,236,t-shirt,40,8,197,219
1017.jpg,300,300,t-shirt,12,1,288,296
1018.jpg,281,300,t-shirt,71,72,208,259
1019.jpg,300,300,trouser,67,114,158,300
1019.jpg,300,300,t-shirt,56,4,174,115
102.jpg,247,301,skirt,33,45,219,239
1020.jpg,300,225,trouser,192,57,267,186
1020.jpg,300,225,trouser,43,111,98,190
1021.jpg,200,301,skirt,56,61,136,282
1022.jpg,203,300,skirt,10,61,174,279
1023.jpg,153,300,jeans,12,19,140,202
1024.jpg,196,250,sleeveless,48,58,137,214
1025.jpg,260,300,sleeveless,13,59,233,263
1026.jpg,225,300,jeans,63,9,161,242
1027.jpg,250,300,shorts,17,36,242,264
1028.jpg,300,300,jeans,94,5,208,284
1029.jpg,210,300,jeans,57,14,156,270
103.jpg,300,300,skirt,52,164,220,300
1030.jpg,200,250,shorts,71,162,151,210
1030.jpg,200,250,t-shirt,49,63,161,168
1031.jpg,196,300,shorts,53,19,152,94
1032.jpg,300,300,shorts,9,4,298,289
1033.jpg,200,300,jeans,74,114,135,262
1034.jpg,262,300,skirt,154,122,233,206
1034.jpg,262,300,skirt,155,54,237,131
1034.jpg,262,300,skirt,25,125,106,203
1035.jpg,285,300,jeans,1,3,282,296
1036.jpg,200,200,t-shirt,24,17,163,200
1037.jpg,300,294,t-shirt,47,21,256,279
1038.jpg,300,267,t-shirt,7,149,107,256
1038.jpg,300,267,t-shirt,2,8,112,117
1038.jpg,300,267,t-shirt,116,6,169,113
1038.jpg,300,267,t-shirt,113,144,170,256
1038.jpg,300,267,t-shirt,183,146,291,254
1038.jpg,300,267,t-shirt,183,13,290,121
1039.jpg,206,284,t-shirt,15,30,188,260
104.jpg,170,135,skirt,58,1,120,97
1040.jpg,300,300,trouser,209,156,282,297
1040.jpg,300,300,trouser,207,1,286,152
1040.jpg,300,300,trouser,44,10,159,247
1041.jpg,205,300,trouser,1,36,169,300
1042.jpg,300,300,trouser,5,127,61,251
1042.jpg,300,300,trouser,86,128,148,262
1042.jpg,300,300,trouser,155,127,219,269
1042.jpg,300,300,trouser,235,124,288,266
1043.jpg,289,300,trouser,22,15,262,282
1044.jpg,200,300,jeans,70,150,120,245
1044.jpg,200,300,t-shirt,65,90,127,152
1045.jpg,236,300,trouser,54,22,175,262
1046.jpg,182,300,skirt,52,56,109,222
1046.jpg,182,300,skirt,122,145,178,295
1047.jpg,200,300,skirt,43,66,166,284
1048.jpg,275,300,sleeveless,86,67,176,189
1048.jpg,275,300,trouser,87,192,184,300
1049.jpg,300,300,sleeveless,102,79,200,217
1049.jpg,300,300,trouser,101,213,206,300
105.jpg,300,300,skirt,149,167,249,281
105.jpg,300,300,sleeveless,157,73,232,165
1050.jpg,215,300,jeans,61,38,149,261
1051.jpg,227,301,jeans,33,23,166,261
1052.jpg,300,300,jeans,91,23,184,251
1053.jpg,271,301,shorts,1,3,268,286
1054.jpg,248,300,shorts,89,141,162,207
1055.jpg,300,300,shorts,101,11,199,159
1056.jpg,206,300,skirt,69,114,130,212
1056.jpg,206,300,sleeveless,75,44,130,115
1057.jpg,300,300,shorts,45,1,268,173
1058.jpg,300,300,t-shirt,21,38,254,275
1059.jpg,300,300,t-shirt,79,44,264,249
106.jpg,300,300,skirt,77,144,234,287
106.jpg,300,300,t-shirt,76,15,219,127
1060.jpg,300,300,trouser,14,4,134,295
1060.jpg,300,300,trouser,149,1,300,261
1061.jpg,300,300,trouser,153,103,271,292
1061.jpg,300,300,trouser,21,97,134,294
1061.jpg,300,300,t-shirt,6,7,118,153
1061.jpg,300,300,t-shirt,170,5,286,148
1062.jpg,300,300,skirt,113,64,211,282
1063.jpg,205,300,trouser,62,45,127,277
1064.jpg,210,300,sleeveless,34,75,177,274
1064.jpg,210,300,shorts,50,244,175,297
1065.jpg,185,301,sleeveless,39,68,154,234
1066.jpg,234,300,shorts,51,4,200,104
1067.jpg,300,300,shorts,49,10,250,284
1068.jpg,300,300,skirt,1,29,300,275
1069.jpg,179,300,jeans,47,58,106,237
107.jpg,200,300,shorts,80,141,134,203
107.jpg,200,300,sleeveless,82,50,136,147
1070.jpg,200,300,skirt,52,4,157,153
1071.jpg,300,275,t-shirt,2,2,300,272
1072.jpg,224,300,t-shirt,5,10,223,285
1073.jpg,219,300,t-shirt,2,29,213,262
1074.jpg,225,300,skirt,81,126,151,188
1074.jpg,225,300,t-shirt,81,69,151,133
1075.jpg,200,300,skirt,46,14,157,285
1076.jpg,200,250,skirt,22,61,157,237
1077.jpg,205,300,sleeveless,51,75,160,210
1077.jpg,205,300,jeans,61,194,183,300
1078.jpg,205,300,sleeveless,73,42,137,163
1079.jpg,300,300,skirt,97,140,221,209
1079.jpg,300,300,sleeveless,111,25,196,143
108.jpg,284,300,t-shirt,9,10,268,278
1080.jpg,262,300,skirt,41,25,218,289
1081.jpg,300,300,jeans,106,23,210,215
1082.jpg,225,300,jeans,70,18,168,249
1083.jpg,236,283,t-shirt,14,36,215,269
1084.jpg,240,300,t-shirt,9,26,230,291
1085.jpg,208,301,t-shirt,28,82,171,268
1086.jpg,254,300,t-shirt,8,31,253,293
1087.jpg,225,300,t-shirt,23,50,203,254
1088.jpg,199,300,skirt,17,5,173,276
1089.jpg,218,300,skirt,15,77,179,272
109.jpg,200,300,shorts,73,119,138,148
1090.jpg,200,300,sleeveless,59,79,149,212
1091.jpg,202,270,sleeveless,49,62,140,227
1092.jpg,200,300,jeans,74,123,129,270
1092.jpg,200,300,t-shirt,62,66,153,119
1093.jpg,205,300,skirt,50,161,148,291
1093.jpg,205,300,sleeveless,57,70,141,165
1094.jpg,240,300,skirt,94,168,206,278
1095.jpg,300,300,t-shirt,58,11,247,286
1096.jpg,254,300,t-shirt,14,31,246,296
1097.jpg,193,300,t-shirt,29,89,144,259
1098.jpg,229,300,t-shirt,26,110,179,259
1099.jpg,252,276,t-shirt,62,85,189,237
11.jpg,300,169,jeans,159,86,197,169
11.jpg,300,169,jeans,210,87,246,169
11.jpg,300,169,jeans,261,92,293,169
11.jpg,300,169,jeans,102,100,147,169
11.jpg,300,169,jeans,58,89,96,169
11.jpg,300,169,jeans,2,96,35,169
110.jpg,180,300,jeans,18,9,147,233
1100.jpg,200,300,skirt,1,124,200,260
1101.jpg,236,300,skirt,77,51,187,190
1102.jpg,196,300,t-shirt,25,75,164,261
1103.jpg,226,300,sleeveless,59,89,176,263
1104.jpg,300,300,skirt,109,194,182,254
1105.jpg,300,300,skirt,95,9,220,277
1106.jpg,300,287,t-shirt,127,114,294,280
1106.jpg,300,287,t-shirt,6,9,254,238
1107.jpg,300,300,t-shirt,37,8,264,288
1108.jpg,300,205,t-shirt,75,21,226,200
1109.jpg,201,300,t-shirt,8,62,137,148
1109.jpg,201,300,skirt,39,141,181,300
111.jpg,221,300,jeans,57,16,160,255
1110.jpg,300,300,t-shirt,74,39,227,227
1111.jpg,200,300,skirt,59,59,145,282
1112.jpg,300,230,skirt,149,31,299,174
1112.jpg,300,230,skirt,40,122,138,212
1113.jpg,200,300,skirt,49,49,142,181
1114.jpg,200,250,sleeveless,56,58,137,157
1115.jpg,196,300,sleeveless,40,73,156,264
1116.jpg,268,300,skirt,87,43,181,111
1117.jpg,205,300,skirt,23,25,190,285
1118.jpg,300,284,t-shirt,1,11,295,269
1119.jpg,257,300,t-shirt,59,32,202,214
112.jpg,188,300,trouser,13,38,146,249
1120.jpg,300,300,t-shirt,20,1,279,296
1121.jpg,300,300,sleeveless,96,70,208,211
1121.jpg,300,300,jeans,97,201,198,300
1122.jpg,205,301,t-shirt,9,13,197,244
1123.jpg,300,300,skirt,194,62,298,254
1123.jpg,300,300,skirt,111,54,179,221
1123.jpg,300,300,skirt,27,55,88,196
1124.jpg,199,300,skirt,1,156,95,224
1124.jpg,199,300,skirt,89,156,149,202
1125.jpg,232,300,skirt,144,127,205,176
1125.jpg,232,300,sleeveless,150,52,202,133
1125.jpg,232,300,skirt,24,179,105,220
1125.jpg,232,300,sleeveless,22,62,92,149
1126.jpg,222,300,skirt,60,16,198,265
1127.jpg,236,236,t-shirt,56,56,162,232
1128.jpg,300,300,t-shirt,41,7,255,289
1129.jpg,300,279,skirt,178,172,273,267
1129.jpg,300,279,skirt,22,161,123,265
113.jpg,236,236,trouser,1,92,59,193
113.jpg,236,236,trouser,67,99,109,194
113.jpg,236,236,trouser,120,92,163,190
113.jpg,236,236,trouser,182,101,224,201
1130.jpg,300,300,skirt,79,87,219,290
1131.jpg,236,300,jeans,95,118,172,261
1131.jpg,236,300,sleeveless,100,51,160,120
1132.jpg,240,300,sleeveless,64,33,176,238
1133.jpg,300,287,skirt,1,2,298,284
1134.jpg,180,300,skirt,45,113,113,177
1135.jpg,165,300,skirt,1,49,159,297
1136.jpg,200,300,t-shirt,19,30,186,235
1137.jpg,258,300,skirt,92,51,150,207
1138.jpg,236,300,skirt,60,72,186,289
1139.jpg,300,300,sleeveless,98,66,204,247
114.jpg,210,210,trouser,74,74,146,210
1140.jpg,205,300,sleeveless,59,69,161,237
1140.jpg,205,300,shorts,57,218,156,251
1141.jpg,225,300,skirt,72,122,160,203
1141.jpg,225,300,sleeveless,84,68,143,134
1142.jpg,300,300,skirt,9,94,289,263
1143.jpg,200,300,skirt,14,6,184,293
1144.jpg,300,300,t-shirt,57,24,199,209
1145.jpg,200,300,skirt,72,43,128,234
1146.jpg,300,300,skirt,95,58,202,232
1147.jpg,300,300,sleeveless,96,83,205,285
1148.jpg,200,300,sleeveless,39,90,154,259
1149.jpg,300,279,skirt,172,111,298,244
1149.jpg,300,279,skirt,14,110,135,243
115.jpg,300,300,trouser,25,132,79,264
115.jpg,300,300,trouser,129,132,178,266
115.jpg,300,300,trouser,221,128,282,263
1150.jpg,200,250,skirt,109,56,198,241
1151.jpg,205,301,jeans,50,188,152,301
1152.jpg,240,300,sleeveless,72,15,191,275
1153.jpg,236,300,skirt,83,119,141,171
1153.jpg,236,300,sleeveless,86,50,134,128
1154.jpg,199,300,skirt,64,19,139,174
1155.jpg,177,300,sleeveless,42,1,112,132
1155.jpg,177,300,jeans,68,70,146,294
1156.jpg,300,225,t-shirt,23,6,265,220
1157.jpg,225,300,t-shirt,4,47,223,276
1158.jpg,238,300,t-shirt,54,58,206,299
1159.jpg,231,300,t-shirt,26,4,212,292
116.jpg,218,300,trouser,68,3,161,248
1160.jpg,205,300,skirt,69,67,152,283
1161.jpg,165,300,skirt,65,111,127,174
1162.jpg,300,299,skirt,42,179,113,270
1163.jpg,236,236,t-shirt,61,57,172,213
1164.jpg,225,300,t-shirt,49,87,186,260
1165.jpg,230,300,t-shirt,1,2,229,285
1166.jpg,242,300,skirt,75,57,140,192
1167.jpg,236,301,skirt,65,77,188,287
1168.jpg,200,300,skirt,40,169,174,284
1168.jpg,200,300,sleeveless,65,80,157,174
1169.jpg,300,300,skirt,37,18,281,198
117.jpg,225,225,jeans,27,7,107,204
117.jpg,225,225,jeans,136,9,202,202
1170.jpg,220,220,skirt,13,1,217,214
1171.jpg,300,300,skirt,21,9,297,272
1172.jpg,248,300,skirt,103,108,155,177
1172.jpg,248,300,t-shirt,110,43,162,110
1173.jpg,236,236,skirt,5,3,96,152
1173.jpg,236,236,skirt,101,4,180,155
1174.jpg,300,300,t-shirt,59,25,238,276
1175.jpg,277,300,t-shirt,5,2,269,298
1176.jpg,201,301,t-shirt,34,78,153,220
1177.jpg,300,252,skirt,154,57,299,191
1177.jpg,300,252,skirt,2,55,148,197
1178.jpg,205,300,skirt,6,9,197,141
1178.jpg,205,300,skirt,5,158,200,290
1179.jpg,300,200,skirt,91,24,195,154
118.jpg,225,300,jeans,39,18,160,244
1180.jpg,179,300,skirt,44,104,106,181
1180.jpg,179,300,sleeveless,49,49,99,112
1181.jpg,219,300,skirt,83,124,141,169
1181.jpg,219,300,sleeveless,87,54,135,123
1182.jpg,208,300,skirt,76,109,127,211
1183.jpg,300,270,skirt,48,128,92,183
1184.jpg,300,214,skirt,176,52,280,169
1184.jpg,300,214,skirt,11,52,141,181
1185.jpg,284,300,skirt,162,31,274,273
1185.jpg,284,300,skirt,15,31,133,289
1186.jpg,213,300,t-shirt,34,27,180,206
1187.jpg,300,300,skirt,57,150,226,284
1187.jpg,300,300,sleeveless,143,70,222,164
1188.jpg,225,300,skirt,20,57,191,216
1189.jpg,201,300,sleeveless,61,48,138,141
1189.jpg,201,300,skirt,54,142,149,268
119.jpg,188,250,jeans,41,12,149,237
1190.jpg,201,300,trouser,36,43,201,297
1191.jpg,300,300,skirt,44,125,98,181
1191.jpg,300,300,sleeveless,45,76,93,142
1191.jpg,300,300,skirt,204,67,264,138
1191.jpg,300,300,sleeveless,200,158,259,254
1191.jpg,300,300,sleeveless,205,5,268,101
1192.jpg,200,300,skirt,72,132,139,169
1193.jpg,150,300,skirt,26,126,84,203
1193.jpg,150,300,t-shirt,18,64,89,129
1194.jpg,221,300,t-shirt,51,44,163,203
1195.jpg,278,300,trouser,52,138,92,254
1195.jpg,278,300,trouser,169,137,223,254
1196.jpg,200,300,skirt,52,128,151,183
1197.jpg,300,285,skirt,1,3,294,278
1198.jpg,236,300,skirt,69,188,167,293
1198.jpg,236,300,t-shirt,63,65,197,195
1199.jpg,300,224,t-shirt,155,66,296,197
1199.jpg,300,224,t-shirt,9,24,138,165
12.jpg,300,300,trouser,110,124,189,280
120.jpg,200,250,shorts,8,26,200,207
1200.jpg,300,300,t-shirt,20,4,279,294
1201.jpg,300,232,trouser,24,127,73,201
1201.jpg,300,232,trouser,105,107,152,206
1201.jpg,300,232,trouser,171,91,219,204
1201.jpg,300,232,trouser,237,108,286,201
1202.jpg,300,300,skirt,5,8,299,290
1203.jpg,300,300,skirt,39,28,257,200
1204.jpg,300,300,skirt,174,149,256,277
1205.jpg,300,300,trouser,166,5,278,291
1205.jpg,300,300,trouser,19,11,136,292
1206.jpg,205,300,skirt,6,69,202,234
1207.jpg,217,301,skirt,39,10,172,117
1208.jpg,219,300,skirt,70,18,152,158
1209.jpg,300,293,trouser,205,125,282,255
1209.jpg,300,293,trouser,120,143,184,263
1209.jpg,300,293,trouser,20,130,90,284
121.jpg,237,300,jeans,77,10,157,253
1210.jpg,300,300,skirt,99,169,209,275
1210.jpg,300,300,t-shirt,87,73,206,170
1211.jpg,200,300,skirt,40,9,137,95
1212.jpg,300,300,skirt,139,58,300,257
1212.jpg,300,300,skirt,15,172,124,286
1212.jpg,300,300,t-shirt,2,72,99,179
1213.jpg,220,300,skirt,11,11,183,153
1214.jpg,206,300,skirt,75,99,132,192
1214.jpg,206,300,sleeveless,72,38,139,101
1215.jpg,300,252,trouser,214,101,254,215
1216.jpg,300,300,skirt,164,207,233,287
1216.jpg,300,300,skirt,2,213,68,288
1216.jpg,300,300,skirt,7,60,74,135
1216.jpg,300,300,skirt,171,51,244,129
1216.jpg,300,300,sleeveless,236,13,279,91
1217.jpg,300,300,skirt,81,31,215,155
1218.jpg,201,300,skirt,70,122,120,234
1219.jpg,201,300,t-shirt,30,15,182,219
122.jpg,240,300,skirt,60,123,114,172
122.jpg,240,300,t-shirt,49,59,129,123
1220.jpg,300,295,trouser,41,2,128,242
1220.jpg,300,295,trouser,187,3,269,250
1221.jpg,300,249,skirt,192,97,258,149
1221.jpg,300,249,skirt,49,91,120,153
1221.jpg,300,249,t-shirt,51,36,123,95
1221.jpg,300,249,t-shirt,182,43,242,87
1222.jpg,300,199,skirt,42,8,226,129
1223.jpg,215,300,skirt,92,128,147,214
1223.jpg,215,300,sleeveless,91,65,136,126
1224.jpg,300,300,t-shirt,70,80,224,253
1225.jpg,127,300,trouser,15,128,72,258
1226.jpg,236,300,skirt,82,104,161,172
1227.jpg,200,300,skirt,55,4,146,123
1228.jpg,300,286,trouser,190,130,244,248
1228.jpg,300,286,trouser,53,136,118,245
1229.jpg,176,300,skirt,48,134,119,171
123.jpg,236,300,shorts,61,11,147,94
1230.jpg,300,300,skirt,110,9,190,151
1231.jpg,231,300,t-shirt,25,36,205,244
1232.jpg,300,297,t-shirt,10,1,290,293
1233.jpg,201,300,skirt,56,133,123,185
1233.jpg,201,300,sleeveless,59,46,115,144
1234.jpg,300,300,t-shirt,109,70,264,269
1235.jpg,213,300,t-shirt,35,31,178,213
1236.jpg,201,300,skirt,98,135,168,189
1237.jpg,200,250,t-shirt,30,75,155,236
1238.jpg,212,300,t-shirt,12,60,205,298
1239.jpg,300,300,skirt,54,119,220,240
124.jpg,236,300,jeans,82,24,152,237
1240.jpg,240,300,t-shirt,24,33,213,263
1241.jpg,192,301,skirt,58,153,111,173
1242.jpg,200,300,t-shirt,19,38,184,251
1243.jpg,189,300,skirt,49,139,115,178
1244.jpg,145,300,skirt,53,137,102,166
1244.jpg,145,300,sleeveless,45,44,100,145
1245.jpg,300,300,skirt,101,9,203,103
1246.jpg,237,300,skirt,76,22,163,116
1247.jpg,180,300,skirt,29,193,119,251
1247.jpg,180,300,t-shirt,40,73,158,194
1248.jpg,300,300,skirt,69,42,236,184
1249.jpg,300,300,skirt,122,127,181,180
125.jpg,300,300,shorts,95,5,208,149
1250.jpg,258,300,shorts,88,19,174,85
1251.jpg,300,300,shorts,124,176,221,255
1251.jpg,300,300,sleeveless,111,79,228,167
1252.jpg,300,300,shorts,100,6,202,94
1253.jpg,300,300,shorts,18,9,244,264
1254.jpg,236,300,shorts,17,32,228,250
1255.jpg,300,300,shorts,20,11,283,294
1256.jpg,593,594,jeans,50,12,258,579
1256.jpg,593,594,jeans,322,11,541,579
126.jpg,241,300,skirt,96,127,158,174
126.jpg,241,300,sleeveless,93,56,159,128
127.jpg,205,300,skirt,41,143,155,258
128.jpg,200,300,skirt,6,64,200,247
129.jpg,205,300,skirt,47,140,131,258
13.jpg,300,300,trouser,157,39,292,254
13.jpg,300,300,trouser,85,173,146,276
13.jpg,300,300,trouser,75,16,151,119
13.jpg,300,300,trouser,2,14,67,134
13.jpg,300,300,trouser,7,173,74,274
130.jpg,201,300,skirt,38,148,157,269
130.jpg,201,300,skirt,64,67,145,156
131.jpg,300,300,t-shirt,35,2,263,294
132.jpg,236,300,t-shirt,27,83,167,269
133.jpg,300,300,shorts,104,191,201,268
134.jpg,200,300,t-shirt,38,83,167,278
135.jpg,233,300,jeans,59,19,168,207
136.jpg,136,136,sleeveless,38,20,106,125
137.jpg,300,300,t-shirt,76,85,217,254
138.jpg,231,300,t-shirt,33,34,197,232
139.jpg,257,300,t-shirt,72,30,202,245
139.jpg,257,300,shorts,75,213,203,270
14.jpg,261,300,jeans,72,4,180,258
140.jpg,205,300,trouser,64,111,143,262
140.jpg,205,300,t-shirt,56,48,149,116
141.jpg,200,300,trouser,37,14,159,228
142.jpg,300,300,trouser,56,115,144,254
142.jpg,300,300,trouser,166,126,225,276
142.jpg,300,300,t-shirt,54,55,166,124
143.jpg,300,300,jeans,90,2,212,300
144.jpg,299,301,trouser,17,19,137,242
144.jpg,299,301,trouser,169,12,279,257
145.jpg,200,300,skirt,67,113,124,213
145.jpg,200,300,sleeveless,69,48,125,112
146.jpg,210,300,jeans,48,4,161,270
147.jpg,240,300,shorts,67,154,184,239
147.jpg,240,300,sleeveless,74,27,173,162
148.jpg,200,250,skirt,74,135,171,238
148.jpg,200,250,sleeveless,79,60,144,140
149.jpg,257,300,skirt,78,157,162,284
149.jpg,257,300,sleeveless,87,73,162,160
15.jpg,300,300,jeans,82,44,206,300
150.jpg,300,300,sleeveless,90,73,211,266
1501.jpg,774,1032,t-shirt,175,443,408,614
1501.jpg,774,1032,t-shirt,408,526,699,673
1502.jpg,774,1032,t-shirt,152,287,432,496
1503.jpg,774,1032,t-shirt,278,275,564,646
1503.jpg,774,1032,jeans,319,604,519,868
1504.jpg,774,1032,t-shirt,208,275,444,667
1504.jpg,774,1032,jeans,243,615,407,968
1505.jpg,774,1032,t-shirt,282,246,460,648
1505.jpg,774,1032,jeans,302,601,444,946
1506.jpg,774,1032,t-shirt,321,261,552,675
1506.jpg,774,1032,jeans,368,628,549,970
1507.jpg,774,1032,t-shirt,239,370,549,662
1507.jpg,774,1032,jeans,324,620,538,943
1508.jpg,774,1032,t-shirt,316,240,482,634
1508.jpg,774,1032,jeans,333,600,464,911
1509.jpg,774,1032,t-shirt,299,243,566,671
1509.jpg,774,1032,jeans,335,586,518,906
151.jpg,205,300,sleeveless,62,61,146,186
151.jpg,205,300,shorts,53,190,152,251
1510.jpg,774,1032,jeans,355,606,535,917
1510.jpg,774,1032,t-shirt,291,239,532,659
1511.jpg,774,1032,t-shirt,308,236,507,653
1511.jpg,774,1032,jeans,330,592,505,896
1512.jpg,774,1032,t-shirt,241,211,499,532
1512.jpg,774,1032,jeans,286,492,475,843
1513.jpg,774,1032,t-shirt,216,221,539,561
1513.jpg,774,1032,jeans,278,507,491,875
1514.jpg,774,1032,t-shirt,238,203,458,536
1514.jpg,774,1032,jeans,247,492,460,873
1515.jpg,774,1032,t-shirt,197,196,410,531
1515.jpg,774,1032,jeans,238,501,452,881
1516.jpg,774,1032,t-shirt,247,212,455,576
1516.jpg,774,1032,jeans,289,551,450,928
1517.jpg,774,1032,t-shirt,238,179,516,570
1517.jpg,774,1032,jeans,311,539,522,939
1518.jpg,774,1032,t-shirt,235,206,522,582
1518.jpg,774,1032,jeans,303,520,524,951
1519.jpg,774,1032,t-shirt,260,190,521,589
1519.jpg,774,1032,jeans,300,546,516,996
152.jpg,240,300,jeans,73,4,171,254
1520.jpg,774,1032,t-shirt,336,186,519,593
1520.jpg,774,1032,jeans,333,545,521,1003
1521.jpg,774,1032,t-shirt,266,193,525,595
1521.jpg,774,1032,jeans,297,557,524,1011
1522.jpg,774,1032,t-shirt,214,267,503,620
1522.jpg,774,1032,trouser,264,562,475,939
1523.jpg,774,1032,t-shirt,233,278,485,631
1523.jpg,774,1032,trouser,274,606,475,968
1524.jpg,774,1032,trouser,263,520,438,1018
1524.jpg,774,1032,t-shirt,264,259,463,645
1525.jpg,774,1032,t-shirt,243,264,497,628
1525.jpg,774,1032,trouser,252,562,483,1021
1526.jpg,774,1032,t-shirt,216,253,496,646
1526.jpg,774,1032,trouser,257,581,480,1009
1527.jpg,774,1032,t-shirt,300,265,496,634
1527.jpg,774,1032,trouser,311,554,513,1012
1528.jpg,774,1032,t-shirt,253,242,528,620
1528.jpg,774,1032,trouser,291,534,508,967
1529.jpg,774,1032,t-shirt,269,243,536,609
153.jpg,240,300,shorts,69,12,168,78
1530.jpg,774,1032,t-shirt,444,192,728,546
1530.jpg,774,1032,jeans,463,517,699,909
1530.jpg,774,1032,t-shirt,268,320,438,626
1530.jpg,774,1032,t-shirt,18,289,258,611
1530.jpg,774,1032,trouser,64,548,250,862
1530.jpg,774,1032,jeans,305,600,496,854
1531.jpg,774,1032,jeans,478,503,655,906
1531.jpg,774,1032,t-shirt,446,220,689,529
1531.jpg,774,1032,t-shirt,272,326,461,637
1531.jpg,774,1032,jeans,288,595,452,859
1531.jpg,774,1032,t-shirt,1,304,189,629
1531.jpg,774,1032,trouser,19,596,191,896
1532.jpg,774,1032,t-shirt,485,190,678,534
1532.jpg,774,1032,jeans,500,496,677,934
1532.jpg,774,1032,t-shirt,283,315,455,618
1532.jpg,774,1032,t-shirt,57,304,247,581
1532.jpg,774,1032,trouser,78,532,252,871
1532.jpg,774,1032,jeans,311,579,482,859
1533.jpg,774,1032,jeans,508,496,661,921
1533.jpg,774,1032,t-shirt,497,175,669,537
1533.jpg,774,1032,t-shirt,318,293,469,643
1533.jpg,774,1032,jeans,344,592,475,879
1533.jpg,774,1032,t-shirt,27,304,246,565
1533.jpg,774,1032,trouser,47,525,219,889
1534.jpg,774,1032,jeans,528,476,752,939
1534.jpg,774,1032,t-shirt,491,187,757,529
1534.jpg,774,1032,t-shirt,303,292,477,656
1534.jpg,774,1032,jeans,332,595,486,896
1534.jpg,774,1032,trouser,46,539,232,896
1534.jpg,774,1032,t-shirt,44,309,225,593
1535.jpg,774,1032,t-shirt,25,306,264,596
1535.jpg,774,1032,trouser,53,548,228,893
1535.jpg,774,1032,t-shirt,299,265,518,671
1535.jpg,774,1032,jeans,325,618,493,909
1535.jpg,774,1032,jeans,557,484,747,929
1535.jpg,774,1032,t-shirt,535,203,774,539
1536.jpg,774,1032,jeans,475,495,694,934
1536.jpg,774,1032,t-shirt,449,209,702,525
1536.jpg,774,1032,t-shirt,252,289,471,673
1536.jpg,774,1032,jeans,293,632,469,920
1536.jpg,774,1032,t-shirt,21,303,197,581
1536.jpg,774,1032,jeans,38,521,213,904
1537.jpg,774,1032,t-shirt,19,300,202,614
1537.jpg,774,1032,trouser,36,543,197,915
1537.jpg,774,1032,t-shirt,235,293,463,671
1537.jpg,774,1032,jeans,268,615,464,932
1537.jpg,774,1032,jeans,511,493,719,934
1537.jpg,774,1032,t-shirt,474,211,760,534
1538.jpg,774,1032,t-shirt,493,168,752,539
1538.jpg,774,1032,t-shirt,239,309,418,657
1538.jpg,774,1032,t-shirt,25,306,208,603
1538.jpg,774,1032,trouser,44,543,211,926
1538.jpg,774,1032,jeans,288,598,424,934
1538.jpg,774,1032,jeans,525,484,697,937
1539.jpg,774,1032,t-shirt,499,220,719,532
1539.jpg,774,1032,t-shirt,250,314,444,657
1539.jpg,774,1032,t-shirt,27,317,230,628
1539.jpg,774,1032,trouser,41,587,263,887
1539.jpg,774,1032,jeans,296,612,421,901
1539.jpg,774,1032,jeans,538,504,721,895
154.jpg,300,200,jeans,77,68,132,182
154.jpg,300,200,t-shirt,73,2,124,74
1540.jpg,774,1032,t-shirt,419,223,710,531
1540.jpg,774,1032,jeans,469,514,705,920
1540.jpg,774,1032,t-shirt,253,348,438,651
1540.jpg,774,1032,jeans,275,621,463,881
1540.jpg,774,1032,trouser,57,578,227,878
1540.jpg,774,1032,t-shirt,24,320,247,606
1541.jpg,774,1032,t-shirt,33,321,255,598
1541.jpg,774,1032,trouser,66,575,258,878
1541.jpg,774,1032,t-shirt,289,318,466,632
1541.jpg,774,1032,jeans,328,593,497,870
1541.jpg,774,1032,t-shirt,438,195,741,537
1541.jpg,774,1032,jeans,503,495,707,906
1542.jpg,774,1032,t-shirt,383,223,711,501
1542.jpg,774,1032,jeans,497,487,669,859
1542.jpg,774,1032,t-shirt,236,298,446,592
1542.jpg,774,1032,jeans,296,523,480,826
1542.jpg,774,1032,t-shirt,69,282,258,578
1542.jpg,774,1032,trouser,111,532,294,823
1543.jpg,774,1032,t-shirt,52,307,263,595
1543.jpg,774,1032,trouser,86,570,253,854
1543.jpg,774,1032,t-shirt,258,309,416,614
1543.jpg,774,1032,jeans,278,573,432,850
1543.jpg,774,1032,t-shirt,399,239,693,534
1543.jpg,774,1032,jeans,489,496,678,882
1544.jpg,774,1032,jeans,446,475,674,903
1544.jpg,774,1032,t-shirt,418,178,685,511
1544.jpg,774,1032,t-shirt,253,287,411,625
1544.jpg,774,1032,jeans,255,601,421,898
1544.jpg,774,1032,trouser,74,518,244,879
1544.jpg,774,1032,t-shirt,60,268,253,551
1545.jpg,774,1032,t-shirt,71,407,253,657
1545.jpg,774,1032,t-shirt,283,500,458,761
1545.jpg,774,1032,t-shirt,482,478,738,771
1546.jpg,774,1032,t-shirt,11,429,252,734
1546.jpg,774,1032,t-shirt,294,501,488,761
1546.jpg,774,1032,t-shirt,478,481,764,784
1547.jpg,1032,774,trouser,13,158,333,661
1547.jpg,1032,774,jeans,340,222,659,676
1547.jpg,1032,774,jeans,687,88,1025,699
1548.jpg,1032,774,jeans,738,103,1011,684
1548.jpg,1032,774,jeans,336,245,641,672
1548.jpg,1032,774,trouser,31,90,288,744
1549.jpg,1032,774,trouser,19,149,365,732
1549.jpg,1032,774,jeans,488,282,678,751
1549.jpg,1032,774,jeans,760,92,1011,670
155.jpg,180,300,shorts,61,137,122,172
155.jpg,180,300,sleeveless,73,55,119,137
1550.jpg,1032,774,trouser,12,139,345,749
1550.jpg,1032,774,jeans,420,265,719,729
1550.jpg,1032,774,jeans,706,118,936,738
1551.jpg,1032,774,trouser,7,95,334,736
1551.jpg,1032,774,jeans,456,261,707,750
1551.jpg,1032,774,jeans,748,99,1005,742
1552.jpg,1032,774,trouser,61,138,341,729
1552.jpg,1032,774,jeans,436,252,709,744
1552.jpg,1032,774,jeans,745,145,1020,757
1553.jpg,1032,774,trouser,61,110,345,742
1553.jpg,1032,774,jeans,458,226,674,736
1553.jpg,1032,774,jeans,741,130,1005,749
1554.jpg,1032,774,trouser,88,150,356,736
1554.jpg,1032,774,jeans,427,221,707,701
1554.jpg,1032,774,jeans,763,109,1019,737
1555.jpg,1032,774,trouser,36,123,342,736
1555.jpg,1032,774,jeans,375,216,638,719
1555.jpg,1032,774,jeans,740,148,1032,730
1556.jpg,1032,774,jeans,735,113,1029,738
1556.jpg,1032,774,jeans,386,213,689,677
1556.jpg,1032,774,trouser,31,149,306,724
1557.jpg,1032,774,t-shirt,3,331,394,763
1557.jpg,1032,774,t-shirt,351,377,688,753
1557.jpg,1032,774,t-shirt,641,310,1026,738
1558.jpg,1032,774,t-shirt,15,345,358,755
1558.jpg,1032,774,t-shirt,319,376,666,748
1558.jpg,1032,774,t-shirt,626,295,1020,738
1559.jpg,1032,774,t-shirt,12,276,307,713
1559.jpg,1032,774,t-shirt,361,283,666,751
1559.jpg,1032,774,t-shirt,728,213,1015,719
156.jpg,164,205,shorts,38,6,124,118
1560.jpg,1032,774,t-shirt,1,263,306,703
1560.jpg,1032,774,t-shirt,373,304,692,766
1560.jpg,1032,774,t-shirt,774,206,1016,737
1561.jpg,1032,774,t-shirt,34,295,367,710
1561.jpg,1032,774,t-shirt,389,329,694,753
1561.jpg,1032,774,t-shirt,676,245,1015,733
1562.jpg,774,1032,t-shirt,180,259,544,654
1562.jpg,774,1032,trouser,218,590,532,925
1563.jpg,774,1032,t-shirt,244,278,527,693
1563.jpg,774,1032,trouser,230,603,553,1012
1564.jpg,774,1032,t-shirt,239,311,539,684
1564.jpg,774,1032,trouser,210,579,538,1000
1565.jpg,774,1032,t-shirt,160,243,571,665
1565.jpg,774,1032,trouser,199,565,564,967
1566.jpg,774,1032,t-shirt,152,237,605,678
1566.jpg,774,1032,trouser,180,582,561,967
1567.jpg,774,1032,t-shirt,114,232,564,653
1567.jpg,774,1032,trouser,166,554,535,978
1568.jpg,774,1032,t-shirt,208,242,519,673
1568.jpg,774,1032,trouser,208,576,508,1000
1569.jpg,774,1032,t-shirt,155,264,513,651
1569.jpg,774,1032,trouser,169,595,519,978
157.jpg,200,250,jeans,88,36,167,210
1570.jpg,774,1032,t-shirt,180,240,619,615
1570.jpg,774,1032,trouser,213,531,539,926
1571.jpg,774,1032,t-shirt,44,145,707,884
1572.jpg,774,1032,t-shirt,52,189,725,928
1573.jpg,774,1032,t-shirt,77,100,682,986
1574.jpg,774,1032,t-shirt,49,131,708,942
1575.jpg,774,1032,t-shirt,27,168,724,904
1576.jpg,774,1032,t-shirt,55,146,638,907
1577.jpg,774,1032,t-shirt,33,129,635,946
1578.jpg,774,1032,t-shirt,8,148,603,893
1579.jpg,774,1032,t-shirt,60,148,657,889
158.jpg,194,300,shorts,11,41,187,180
1580.jpg,774,1032,trouser,83,173,660,814
1581.jpg,774,1032,trouser,186,228,719,951
1582.jpg,774,1032,trouser,118,165,688,993
1583.jpg,774,1032,trouser,96,229,644,934
1584.jpg,774,1032,trouser,99,193,616,928
1585.jpg,774,1032,trouser,43,226,711,952
1586.jpg,774,1032,trouser,61,217,661,857
1587.jpg,774,1032,jeans,113,550,408,896
1587.jpg,774,1032,trouser,382,556,718,915
1587.jpg,774,1032,t-shirt,396,195,716,607
1587.jpg,774,1032,t-shirt,72,282,394,643
1588.jpg,774,1032,t-shirt,83,279,368,618
1588.jpg,774,1032,jeans,135,540,397,889
1588.jpg,774,1032,trouser,463,490,741,940
1588.jpg,774,1032,t-shirt,452,267,761,625
1589.jpg,774,1032,t-shirt,388,225,710,557
1589.jpg,774,1032,t-shirt,83,292,368,593
1589.jpg,774,1032,jeans,139,521,371,861
1589.jpg,774,1032,trouser,416,500,647,884
159.jpg,300,300,shorts,44,65,249,233
1590.jpg,774,1032,jeans,144,529,371,842
1590.jpg,774,1032,t-shirt,116,282,372,603
1590.jpg,774,1032,t-shirt,424,226,702,600
1590.jpg,774,1032,trouser,452,559,680,875
1591.jpg,774,1032,t-shirt,158,311,364,618
1591.jpg,774,1032,t-shirt,399,259,699,573
1591.jpg,774,1032,jeans,160,503,352,873
1591.jpg,774,1032,trouser,443,504,677,870
1592.jpg,774,1032,t-shirt,174,342,313,504
1592.jpg,774,1032,jeans,147,499,356,647
1592.jpg,774,1032,t-shirt,369,281,621,478
1592.jpg,774,1032,trouser,443,465,614,632
1593.jpg,774,1032,t-shirt,177,312,344,484
1593.jpg,774,1032,jeans,202,450,352,601
1593.jpg,774,1032,trouser,468,407,594,590
1593.jpg,774,1032,t-shirt,450,278,614,434
1594.jpg,774,1032,t-shirt,449,309,603,454
1594.jpg,774,1032,t-shirt,164,323,358,464
1594.jpg,774,1032,jeans,225,445,302,595
1594.jpg,774,1032,trouser,464,432,586,589
1595.jpg,774,1032,trouser,428,431,521,556
1595.jpg,774,1032,t-shirt,425,314,528,450
1595.jpg,774,1032,t-shirt,188,359,324,473
1595.jpg,774,1032,jeans,235,457,313,595
1596.jpg,774,1032,t-shirt,380,353,580,596
1596.jpg,774,1032,t-shirt,175,361,375,568
1596.jpg,774,1032,jeans,197,532,380,787
1596.jpg,774,1032,trouser,386,556,585,800
1597.jpg,774,1032,jeans,193,531,383,790
1597.jpg,774,1032,trouser,460,561,596,823
1597.jpg,774,1032,t-shirt,203,343,380,568
1597.jpg,774,1032,t-shirt,455,364,613,611
1598.jpg,774,1032,t-shirt,391,346,511,579
1598.jpg,774,1032,t-shirt,168,343,336,570
1598.jpg,774,1032,jeans,196,528,314,795
1598.jpg,774,1032,trouser,374,525,513,801
1599.jpg,774,1032,trouser,413,526,569,776
1599.jpg,774,1032,jeans,139,529,346,793
1599.jpg,774,1032,t-shirt,138,303,346,553
1599.jpg,774,1032,t-shirt,374,342,611,570
16.jpg,200,300,shorts,54,17,148,88
160.jpg,236,300,skirt,81,110,144,161
160.jpg,236,300,sleeveless,86,44,142,110
1600.jpg,774,1032,t-shirt,75,282,325,586
1600.jpg,774,1032,t-shirt,461,301,647,557
1600.jpg,774,1032,trouser,436,532,611,865
1600.jpg,774,1032,jeans,88,532,302,839
1601.jpg,774,1032,t-shirt,114,326,314,606
1601.jpg,774,1032,t-shirt,397,357,711,650
1601.jpg,774,1032,jeans,111,578,308,937
1601.jpg,774,1032,trouser,416,545,684,887
1602.jpg,774,1032,t-shirt,324,329,655,704
1602.jpg,774,1032,trouser,324,615,633,965
1602.jpg,774,1032,t-shirt,249,332,344,582
1602.jpg,774,1032,jeans,227,576,364,898
1603.jpg,744,992,jeans,366,541,582,912
1603.jpg,744,992,t-shirt,344,239,626,586
1603.jpg,744,992,jeans,552,485,672,791
1603.jpg,744,992,t-shirt,564,305,670,488
1604.jpg,744,992,t-shirt,167,418,685,974
1605.jpg,1500,2000,t-shirt,182,632,1049,1454
1605.jpg,1500,2000,trouser,370,1269,1252,1996
1606.jpg,744,992,t-shirt,311,296,479,520
1606.jpg,744,992,trouser,317,471,472,771
1606.jpg,744,992,t-shirt,455,386,575,482
1606.jpg,744,992,jeans,469,473,538,596
1607.jpg,744,992,t-shirt,325,280,458,488
1607.jpg,744,992,trouser,299,430,434,676
1608.jpg,744,992,t-shirt,322,283,497,559
1608.jpg,744,992,trouser,302,483,499,829
1608.jpg,744,992,t-shirt,572,376,699,489
1608.jpg,744,992,jeans,590,444,664,558
1609.jpg,744,992,t-shirt,316,411,466,567
1609.jpg,744,992,trouser,320,530,505,738
1609.jpg,744,992,t-shirt,626,415,735,506
1609.jpg,744,992,jeans,637,476,706,585
161.jpg,200,250,skirt,31,129,172,226
161.jpg,200,250,t-shirt,78,63,177,142
1610.jpg,744,992,t-shirt,412,421,559,565
1610.jpg,744,992,jeans,435,520,547,788
1611.jpg,992,744,t-shirt,542,278,666,377
1611.jpg,992,744,jeans,544,361,658,518
1611.jpg,992,744,t-shirt,697,248,902,472
1611.jpg,992,744,trouser,721,406,867,644
1612.jpg,992,744,t-shirt,607,303,700,376
1612.jpg,992,744,jeans,617,365,707,479
1612.jpg,992,744,t-shirt,771,281,925,436
1612.jpg,992,744,trouser,776,381,885,540
1613.jpg,992,744,t-shirt,677,292,743,364
1613.jpg,992,744,t-shirt,769,272,901,422
1613.jpg,992,744,jeans,683,359,750,481
1613.jpg,992,744,trouser,782,377,885,538
1614.jpg,744,992,t-shirt,497,380,612,509
1614.jpg,744,992,jeans,502,473,619,658
1614.jpg,744,992,t-shirt,58,382,270,655
1614.jpg,744,992,jeans,73,617,241,921
1615.jpg,744,992,jeans,79,650,273,967
1615.jpg,744,992,jeans,525,479,678,674
1615.jpg,744,992,t-shirt,53,356,287,680
1615.jpg,744,992,t-shirt,537,382,659,512
1616.jpg,744,992,t-shirt,544,382,670,496
1616.jpg,744,992,t-shirt,44,349,272,658
1616.jpg,744,992,jeans,91,652,272,955
1616.jpg,744,992,jeans,556,480,678,662
1617.jpg,992,744,jeans,552,338,693,589
1617.jpg,992,744,t-shirt,525,200,732,375
1618.jpg,992,744,t-shirt,562,186,747,383
1618.jpg,992,744,jeans,568,345,730,664
1619.jpg,992,744,jeans,580,367,747,664
1619.jpg,992,744,t-shirt,587,194,762,397
162.jpg,201,300,skirt,69,110,142,204
162.jpg,201,300,t-shirt,43,47,145,106
1620.jpg,744,992,t-shirt,305,315,447,471
1620.jpg,744,992,trouser,297,441,469,686
163.jpg,258,300,skirt,109,107,181,232
163.jpg,258,300,t-shirt,80,46,173,105
164.jpg,236,300,skirt,75,108,152,178
164.jpg,236,300,t-shirt,74,45,166,154
165.jpg,211,300,t-shirt,13,14,197,279
166.jpg,182,300,t-shirt,9,36,180,234
167.jpg,205,300,t-shirt,47,36,166,219
168.jpg,199,300,shorts,41,187,154,279
168.jpg,199,300,t-shirt,48,73,174,212
169.jpg,213,300,sleeveless,37,14,184,289
17.jpg,300,300,jeans,91,94,193,300
170.jpg,225,300,t-shirt,21,24,198,229
171.jpg,201,225,jeans,10,8,188,217
172.jpg,300,283,trouser,162,9,284,278
173.jpg,200,300,trouser,55,51,142,245
174.jpg,300,300,trouser,92,13,203,237
175.jpg,200,300,trouser,53,42,153,216
176.jpg,300,300,t-shirt,102,6,233,163
176.jpg,300,300,trouser,112,152,216,300
177.jpg,236,300,trouser,67,35,186,250
178.jpg,200,300,trouser,69,132,130,250
179.jpg,300,300,jeans,77,17,205,266
18.jpg,174,225,shorts,22,15,152,193
180.jpg,300,300,sleeveless,87,62,210,252
181.jpg,170,300,sleeveless,58,50,114,153
181.jpg,170,300,trouser,53,133,115,266
182.jpg,300,300,skirt,69,153,221,290
182.jpg,300,300,sleeveless,89,64,183,155
183.jpg,200,300,shorts,39,184,159,278
183.jpg,200,300,sleeveless,56,75,149,201
184.jpg,200,300,skirt,13,150,183,278
184.jpg,200,300,sleeveless,65,65,149,156
185.jpg,224,274,jeans,59,9,162,237
186.jpg,240,300,jeans,76,4,166,259
187.jpg,225,300,shorts,63,173,162,261
187.jpg,225,300,sleeveless,72,80,152,174
188.jpg,225,300,jeans,59,1,168,294
189.jpg,212,300,shorts,28,87,181,278
19.jpg,205,300,trouser,69,122,142,260
190.jpg,236,300,shorts,67,4,161,87
191.jpg,300,300,shorts,91,44,195,156
192.jpg,225,300,skirt,65,7,181,160
193.jpg,170,250,skirt,27,150,132,231
193.jpg,170,250,t-shirt,44,53,121,154
194.jpg,205,300,skirt,52,154,161,270
194.jpg,205,300,t-shirt,51,69,158,159
195.jpg,200,300,skirt,60,135,134,284
195.jpg,200,300,sleeveless,61,65,127,141
196.jpg,201,300,skirt,61,148,151,278
196.jpg,201,300,sleeveless,64,65,147,146
197.jpg,201,300,t-shirt,2,24,196,275
198.jpg,186,289,t-shirt,60,85,148,266
199.jpg,205,300,t-shirt,43,79,167,240
2.jpg,600,800,jeans,111,163,343,687
20.jpg,225,300,shorts,41,15,161,149
200.jpg,166,250,t-shirt,16,21,146,200
201.jpg,300,269,trouser,176,34,300,267
202.jpg,300,300,jeans,115,131,169,231
203.jpg,186,301,trouser,40,8,146,249
204.jpg,300,300,jeans,95,28,206,235
205.jpg,208,300,trouser,57,116,148,259
205.jpg,208,300,t-shirt,61,49,139,122
206.jpg,225,300,skirt,62,99,154,175
206.jpg,225,300,sleeveless,77,4,159,105
207.jpg,250,300,skirt,62,161,194,269
207.jpg,250,300,sleeveless,79,22,181,171
208.jpg,204,300,skirt,72,124,140,188
208.jpg,204,300,sleeveless,83,42,144,125
209.jpg,244,300,sleeveless,83,77,175,231
21.jpg,300,300,jeans,93,112,176,271
210.jpg,300,300,sleeveless,100,43,207,217
210.jpg,300,300,shorts,94,213,207,261
211.jpg,200,300,shorts,52,18,154,74
212.jpg,241,300,shorts,3,68,240,269
213.jpg,300,300,jeans,99,6,198,256
214.jpg,183,301,shorts,65,115,121,153
214.jpg,183,301,t-shirt,59,50,142,119
215.jpg,300,300,jeans,100,9,205,291
216.jpg,196,300,shorts,48,6,147,77
217.jpg,200,250,shorts,37,3,131,80
218.jpg,200,300,skirt,21,154,180,277
218.jpg,200,300,sleeveless,65,65,159,165
219.jpg,226,300,shorts,66,178,152,272
219.jpg,226,300,sleeveless,67,80,160,184
22.jpg,201,300,shorts,17,97,179,208
220.jpg,200,250,shorts,65,6,147,79
221.jpg,233,300,skirt,67,194,179,257
221.jpg,233,300,t-shirt,61,76,177,216
222.jpg,205,300,skirt,10,89,186,227
223.jpg,205,300,skirt,45,164,174,278
224.jpg,236,236,skirt,2,8,63,129
224.jpg,236,236,skirt,63,18,125,122
224.jpg,236,236,skirt,132,30,236,211
225.jpg,202,300,skirt,58,159,160,267
226.jpg,236,300,skirt,53,152,176,265
226.jpg,236,300,sleeveless,68,69,153,164
227.jpg,251,300,t-shirt,37,87,223,300
228.jpg,280,300,t-shirt,117,76,227,225
229.jpg,200,250,skirt,39,26,168,147
23.jpg,236,283,shorts,95,112,162,165
230.jpg,241,300,t-shirt,89,106,157,237
231.jpg,180,250,t-shirt,35,62,149,212
232.jpg,300,300,t-shirt,38,17,266,288
233.jpg,300,300,trouser,159,2,276,242
233.jpg,300,300,trouser,22,3,91,258
234.jpg,168,300,trouser,30,121,98,263
234.jpg,168,300,t-shirt,29,44,102,131
235.jpg,300,300,trouser,96,4,206,294
236.jpg,200,300,trouser,44,14,156,264
237.jpg,192,250,trouser,41,10,143,199
238.jpg,220,300,skirt,61,164,150,272
238.jpg,220,300,sleeveless,70,63,157,170
239.jpg,205,300,skirt,73,195,192,276
239.jpg,205,300,sleeveless,75,67,182,195
24.jpg,300,300,shorts,69,30,232,254
240.jpg,300,300,jeans,90,14,212,284
241.jpg,200,300,skirt,47,116,165,212
241.jpg,200,300,sleeveless,59,58,151,114
242.jpg,236,300,shorts,57,215,144,279
242.jpg,236,300,sleeveless,62,68,165,247
243.jpg,200,250,skirt,65,179,161,235
243.jpg,200,250,sleeveless,66,63,164,199
244.jpg,222,300,shorts,51,20,155,121
245.jpg,208,300,jeans,53,1,156,292
246.jpg,223,300,trouser,55,14,163,219
247.jpg,300,300,jeans,178,25,261,258
247.jpg,300,300,jeans,39,27,138,252
248.jpg,205,301,shorts,14,37,188,194
249.jpg,207,300,shorts,62,10,155,78
25.jpg,258,300,jeans,103,109,163,242
250.jpg,255,300,shorts,87,15,193,144
251.jpg,225,300,shorts,10,14,207,243
252.jpg,300,300,shorts,82,9,205,156
253.jpg,231,300,skirt,77,14,175,92
254.jpg,200,250,skirt,39,139,132,229
254.jpg,200,250,t-shirt,41,56,147,130
255.jpg,177,300,skirt,42,159,160,261
255.jpg,177,300,sleeveless,66,61,140,155
256.jpg,247,300,skirt,20,48,232,241
257.jpg,301,245,t-shirt,185,58,292,179
257.jpg,301,245,t-shirt,1,95,128,223
258.jpg,196,250,t-shirt,40,53,161,214
259.jpg,205,300,trouser,67,109,142,269
259.jpg,205,300,sleeveless,73,48,141,119
26.jpg,225,300,trouser,66,31,174,250
260.jpg,233,300,trouser,66,9,182,230
261.jpg,205,300,shorts,62,118,120,162
261.jpg,205,300,sleeveless,61,39,123,131
262.jpg,233,300,trouser,53,11,152,248
263.jpg,300,300,trouser,116,142,187,249
263.jpg,300,300,t-shirt,109,50,206,152
264.jpg,300,300,trouser,88,16,196,256
265.jpg,201,301,trouser,61,48,140,267
266.jpg,208,300,trouser,79,120,142,250
266.jpg,208,300,t-shirt,75,50,148,114
267.jpg,236,300,skirt,68,54,137,176
268.jpg,205,301,skirt,62,67,177,273
269.jpg,200,300,skirt,46,35,148,195
27.jpg,300,300,trouser,109,19,195,244
270.jpg,248,300,skirt,71,187,185,300
270.jpg,248,300,sleeveless,75,77,169,192
271.jpg,205,300,sleeveless,61,79,156,262
272.jpg,240,300,shorts,84,1,162,92
273.jpg,300,300,jeans,105,60,191,268
274.jpg,225,300,jeans,56,9,157,262
275.jpg,300,300,jeans,115,28,204,263
276.jpg,300,300,jeans,168,33,287,269
276.jpg,300,300,jeans,27,36,133,265
277.jpg,196,300,shorts,53,17,156,137
278.jpg,225,300,shorts,8,72,200,194
279.jpg,300,300,jeans,100,49,176,241
28.jpg,257,301,trouser,107,138,160,241
280.jpg,200,250,shorts,69,154,155,230
280.jpg,200,250,sleeveless,84,59,155,146
281.jpg,227,301,skirt,80,111,134,206
282.jpg,201,300,skirt,60,149,145,280
282.jpg,201,300,skirt,59,87,165,155
283.jpg,300,239,t-shirt,1,2,298,239
284.jpg,300,300,t-shirt,12,46,94,145
284.jpg,300,300,t-shirt,110,9,285,241
284.jpg,300,300,jeans,15,137,88,266
285.jpg,196,250,t-shirt,20,67,151,240
286.jpg,300,300,t-shirt,84,88,207,283
287.jpg,187,250,t-shirt,5,35,187,234
288.jpg,300,242,trouser,33,62,156,211
289.jpg,205,301,trouser,65,115,130,249
29.jpg,300,300,trouser,92,80,209,280
290.jpg,236,300,skirt,69,5,167,87
291.jpg,300,300,trouser,127,126,189,256
292.jpg,300,300,trouser,50,8,242,284
293.jpg,300,300,trouser,94,7,212,292
294.jpg,300,300,trouser,88,18,246,269
295.jpg,201,300,trouser,55,18,157,192
296.jpg,240,300,skirt,73,66,153,259
297.jpg,246,300,skirt,98,39,152,160
298.jpg,200,300,skirt,44,44,147,196
299.jpg,200,300,sleeveless,39,77,140,254
3.jpg,225,225,jeans,19,28,73,196
3.jpg,225,225,jeans,91,21,152,186
3.jpg,225,225,jeans,160,28,214,198
30.jpg,199,301,trouser,53,142,133,267
300.jpg,152,300,jeans,15,14,125,269
301.jpg,240,300,jeans,61,11,175,260
302.jpg,225,300,jeans,46,28,169,261
303.jpg,300,300,shorts,103,168,216,246
303.jpg,300,300,sleeveless,118,76,207,178
304.jpg,300,300,jeans,77,1,209,287
305.jpg,200,300,shorts,35,189,152,274
305.jpg,200,300,sleeveless,64,77,150,162
306.jpg,300,300,skirt,85,133,196,239
306.jpg,300,300,sleeveless,104,59,194,134
307.jpg,200,300,skirt,36,189,179,291
307.jpg,200,300,t-shirt,41,84,169,204
308.jpg,246,300,shorts,39,7,213,298
309.jpg,300,300,shorts,96,6,229,138
31.jpg,300,225,jeans,27,116,74,210
31.jpg,300,225,jeans,129,105,172,208
31.jpg,300,225,jeans,226,86,272,198
310.jpg,300,300,skirt,44,50,239,218
311.jpg,200,300,skirt,56,114,126,183
311.jpg,200,300,t-shirt,59,54,120,113
312.jpg,200,300,skirt,60,6,149,154
313.jpg,194,300,skirt,50,154,162,263
313.jpg,194,300,sleeveless,69,62,137,154
314.jpg,200,300,sleeveless,15,165,169,280
314.jpg,200,300,t-shirt,59,81,170,181
315.jpg,215,300,t-shirt,31,77,174,269
316.jpg,225,300,trouser,76,117,149,244
316.jpg,225,300,t-shirt,68,10,152,120
317.jpg,229,300,t-shirt,49,76,175,263
318.jpg,200,250,shorts,70,104,120,140
318.jpg,200,250,t-shirt,74,40,135,110
319.jpg,225,300,t-shirt,41,78,193,266
32.jpg,196,300,jeans,48,12,145,270
320.jpg,300,300,trouser,105,24,198,266
321.jpg,205,300,trouser,91,113,152,263
321.jpg,205,300,sleeveless,100,44,148,106
322.jpg,197,300,trouser,52,114,152,262
322.jpg,197,300,t-shirt,43,51,126,109
323.jpg,236,300,trouser,82,139,152,261
324.jpg,205,300,trouser,42,35,159,258
325.jpg,175,300,trouser,85,131,150,258
326.jpg,300,300,skirt,119,61,220,280
327.jpg,179,300,skirt,42,46,111,177
328.jpg,201,300,skirt,33,91,175,257
329.jpg,236,300,jeans,76,58,186,274
33.jpg,251,300,jeans,86,14,173,231
330.jpg,207,300,sleeveless,37,87,177,279
331.jpg,227,301,sleeveless,67,80,162,260
331.jpg,227,301,shorts,52,242,175,289
332.jpg,222,300,jeans,62,9,163,261
333.jpg,196,300,jeans,27,9,133,257
334.jpg,208,300,jeans,62,10,162,250
335.jpg,300,300,jeans,96,11,210,244
336.jpg,227,301,shorts,1,14,226,261
337.jpg,300,300,shorts,77,7,174,85
338.jpg,300,300,shorts,60,27,250,238
339.jpg,236,274,shorts,86,94,158,162
339.jpg,236,274,t-shirt,76,39,164,97
34.jpg,300,300,jeans,109,12,194,228
340.jpg,210,300,skirt,51,27,162,99
341.jpg,190,300,skirt,51,149,137,222
341.jpg,190,300,sleeveless,54,77,128,148
342.jpg,236,300,skirt,67,11,147,174
343.jpg,180,230,skirt,47,123,146,212
343.jpg,180,230,sleeveless,67,52,139,132
344.jpg,215,300,skirt,17,151,179,257
344.jpg,215,300,sleeveless,74,59,153,156
345.jpg,301,301,t-shirt,84,68,227,218
346.jpg,205,300,sleeveless,39,69,142,219
346.jpg,205,300,shorts,34,201,146,269
347.jpg,205,301,t-shirt,22,69,175,238
348.jpg,236,300,t-shirt,13,9,216,281
349.jpg,164,300,shorts,11,115,75,157
349.jpg,164,300,t-shirt,1,54,86,129
35.jpg,240,300,jeans,70,12,164,254
350.jpg,300,300,trouser,85,1,209,288
351.jpg,205,300,trouser,58,13,171,257
352.jpg,244,301,trouser,86,109,150,262
352.jpg,244,301,t-shirt,79,33,159,123
353.jpg,300,300,t-shirt,117,38,201,139
353.jpg,300,300,jeans,116,128,195,266
354.jpg,300,300,trouser,88,9,217,248
355.jpg,300,300,skirt,90,1,210,298
356.jpg,200,300,skirt,74,17,147,146
357.jpg,194,300,skirt,41,75,150,274
358.jpg,162,300,skirt,10,51,75,190
359.jpg,258,300,sleeveless,88,86,184,285
36.jpg,236,236,jeans,142,1,221,223
36.jpg,236,236,jeans,15,3,102,231
360.jpg,215,300,sleeveless,56,18,157,139
360.jpg,215,300,jeans,76,128,152,273
361.jpg,300,300,jeans,100,21,202,246
362.jpg,206,300,jeans,49,23,158,242
363.jpg,300,300,shorts,79,1,187,103
364.jpg,246,300,shorts,67,3,164,143
365.jpg,300,300,shorts,100,14,193,75
366.jpg,200,250,shorts,1,104,195,230
367.jpg,211,300,jeans,56,121,116,271
368.jpg,200,300,skirt,3,50,191,236
369.jpg,200,250,skirt,55,146,139,218
369.jpg,200,250,sleeveless,67,51,129,143
37.jpg,300,300,shorts,71,189,178,280
37.jpg,300,300,sleeveless,91,80,181,183
370.jpg,149,300,skirt,37,160,139,272
370.jpg,149,300,sleeveless,49,73,120,164
371.jpg,123,300,skirt,39,158,100,225
372.jpg,205,300,shorts,78,176,196,267
372.jpg,205,300,sleeveless,89,61,187,179
373.jpg,300,300,shorts,64,163,191,285
374.jpg,208,300,t-shirt,1,4,205,296
375.jpg,211,300,t-shirt,13,17,194,281
376.jpg,236,300,t-shirt,1,85,172,278
377.jpg,300,300,t-shirt,69,73,225,287
378.jpg,236,300,shorts,89,115,154,151
378.jpg,236,300,sleeveless,98,45,154,117
379.jpg,258,300,t-shirt,10,9,246,286
38.jpg,240,300,shorts,36,19,201,211
380.jpg,300,277,trouser,215,161,265,275
380.jpg,300,277,trouser,213,18,265,136
380.jpg,300,277,trouser,32,24,134,213
381.jpg,200,250,trouser,55,15,128,206
382.jpg,300,300,trouser,173,20,268,224
382.jpg,300,300,trouser,11,1,119,212
383.jpg,300,300,trouser,104,12,197,224
384.jpg,160,300,trouser,37,115,134,276
385.jpg,170,300,t-shirt,36,60,126,151
385.jpg,170,300,jeans,52,141,113,256
386.jpg,185,300,skirt,43,62,136,276
387.jpg,200,300,shorts,45,162,179,279
387.jpg,200,300,sleeveless,47,23,163,166
388.jpg,205,300,skirt,46,66,169,272
389.jpg,200,300,jeans,50,4,149,251
39.jpg,200,300,jeans,87,144,142,260
39.jpg,200,300,t-shirt,77,52,149,141
390.jpg,201,300,sleeveless,18,87,142,258
391.jpg,257,300,sleeveless,72,91,182,279
392.jpg,201,300,jeans,63,113,138,267
392.jpg,201,300,sleeveless,67,46,134,121
393.jpg,258,300,jeans,76,11,191,259
394.jpg,240,300,shorts,80,111,153,157
394.jpg,240,300,t-shirt,74,25,160,134
395.jpg,99,146,shorts,29,20,68,61
396.jpg,201,300,shorts,27,1,180,197
397.jpg,200,250,shorts,55,22,143,81
398.jpg,239,300,shorts,61,8,170,127
399.jpg,200,300,shorts,53,4,163,170
4.jpg,190,265,jeans,77,19,157,207
40.jpg,200,250,shorts,27,27,182,179
400.jpg,300,300,shorts,72,7,184,173
401.jpg,181,300,skirt,27,195,126,266
401.jpg,181,300,t-shirt,21,64,143,201
402.jpg,207,300,sleeveless,57,77,142,168
402.jpg,207,300,shorts,55,170,152,242
403.jpg,205,300,skirt,28,13,178,279
404.jpg,236,300,skirt,73,100,154,168
404.jpg,236,300,sleeveless,78,34,140,94
405.jpg,300,300,t-shirt,84,79,207,233
406.jpg,200,300,t-shirt,39,80,177,265
407.jpg,196,250,t-shirt,36,57,135,245
408.jpg,300,300,t-shirt,40,1,274,295
409.jpg,300,300,jeans,87,3,221,229
41.jpg,200,200,shorts,42,111,116,192
41.jpg,200,200,sleeveless,59,40,113,108
410.jpg,300,300,t-shirt,27,2,281,295
411.jpg,205,300,trouser,46,42,155,251
412.jpg,300,300,jeans,115,117,199,278
412.jpg,300,300,sleeveless,141,44,188,118
413.jpg,225,300,sleeveless,53,12,164,239
414.jpg,205,300,trouser,76,107,144,245
415.jpg,200,300,trouser,52,6,150,289
416.jpg,248,300,shorts,41,21,213,286
417.jpg,183,300,jeans,68,126,126,244
417.jpg,183,300,sleeveless,80,73,126,129
418.jpg,205,300,skirt,47,66,156,276
419.jpg,250,300,skirt,79,15,190,259
42.jpg,196,300,trouser,48,26,152,243
420.jpg,200,300,jeans,54,1,144,223
421.jpg,195,300,skirt,66,55,137,239
422.jpg,170,300,sleeveless,53,60,125,205
422.jpg,170,300,shorts,46,185,129,224
423.jpg,257,300,sleeveless,72,87,190,283
424.jpg,300,300,jeans,114,30,213,252
425.jpg,209,300,jeans,55,3,157,276
426.jpg,180,300,skirt,42,115,105,164
426.jpg,180,300,sleeveless,45,48,104,127
427.jpg,207,300,jeans,45,37,163,265
428.jpg,236,300,shorts,40,70,202,213
429.jpg,200,300,shorts,47,175,146,264
429.jpg,200,300,sleeveless,55,76,154,177
43.jpg,200,300,trouser,61,112,144,265
430.jpg,240,240,shorts,67,6,161,102
431.jpg,212,300,skirt,40,143,160,269
431.jpg,212,300,sleeveless,65,55,137,142
432.jpg,200,301,skirt,59,9,154,143
433.jpg,300,300,skirt,22,19,282,221
434.jpg,300,300,t-shirt,72,92,227,300
435.jpg,300,300,t-shirt,115,41,187,144
435.jpg,300,300,jeans,111,135,189,263
436.jpg,200,250,t-shirt,32,69,161,238
437.jpg,300,263,t-shirt,2,1,287,258
438.jpg,200,300,trouser,49,123,120,237
439.jpg,300,300,trouser,88,1,201,287
44.jpg,236,300,trouser,60,9,166,244
440.jpg,244,301,trouser,90,115,148,262
441.jpg,170,198,skirt,46,24,116,71
442.jpg,271,300,trouser,99,114,155,271
443.jpg,300,300,trouser,74,1,225,294
444.jpg,264,300,trouser,30,110,119,266
444.jpg,264,300,trouser,186,84,260,257
444.jpg,264,300,t-shirt,20,3,130,107
444.jpg,264,300,t-shirt,156,1,264,79
445.jpg,208,300,jeans,113,107,165,258
446.jpg,236,300,skirt,71,147,174,289
446.jpg,236,300,t-shirt,66,59,171,146
447.jpg,245,300,skirt,76,63,179,255
448.jpg,201,301,skirt,56,56,145,178
449.jpg,236,300,jeans,65,140,149,259
449.jpg,236,300,sleeveless,66,40,137,156
45.jpg,199,300,trouser,52,13,147,246
450.jpg,205,300,trouser,70,125,144,268
450.jpg,205,300,sleeveless,81,48,138,131
451.jpg,237,300,jeans,55,16,170,265
452.jpg,200,250,shorts,62,27,140,92
453.jpg,200,300,jeans,49,5,152,261
454.jpg,300,300,shorts,94,13,195,86
455.jpg,300,300,shorts,21,61,279,239
456.jpg,240,300,shorts,58,54,184,152
457.jpg,250,300,shorts,23,51,228,254
458.jpg,196,300,shorts,45,16,147,136
459.jpg,188,300,shorts,43,172,162,251
459.jpg,188,300,sleeveless,45,87,167,161
46.jpg,267,300,trouser,78,34,187,230
460.jpg,300,300,shorts,100,10,207,138
461.jpg,240,300,skirt,72,13,164,85
462.jpg,225,300,skirt,93,122,166,226
463.jpg,300,300,skirt,215,107,285,227
463.jpg,300,300,skirt,114,110,188,224
463.jpg,300,300,skirt,25,112,88,227
464.jpg,231,300,t-shirt,12,15,217,274
465.jpg,296,300,t-shirt,20,8,275,295
466.jpg,300,189,t-shirt,19,20,136,150
466.jpg,300,189,t-shirt,169,20,287,148
467.jpg,257,300,t-shirt,58,44,188,234
468.jpg,205,300,trouser,68,114,127,259
468.jpg,205,300,sleeveless,77,45,124,110
469.jpg,234,300,shorts,75,173,166,240
469.jpg,234,300,sleeveless,94,54,161,180
47.jpg,200,300,trouser,66,94,136,255
470.jpg,58,85,trouser,7,1,43,72
471.jpg,200,300,trouser,59,60,138,249
472.jpg,227,300,trouser,73,132,178,294
473.jpg,236,300,skirt,77,159,156,279
473.jpg,236,300,sleeveless,82,61,161,166
474.jpg,200,250,skirt,41,53,142,235
475.jpg,200,250,skirt,48,18,167,207
476.jpg,300,300,sleeveless,85,85,214,282
477.jpg,300,300,sleeveless,102,75,207,229
478.jpg,236,300,jeans,56,71,145,257
479.jpg,300,300,jeans,94,6,199,232
48.jpg,227,301,jeans,67,67,150,293
480.jpg,258,300,jeans,78,14,190,257
481.jpg,205,300,jeans,58,10,155,256
482.jpg,200,250,jeans,66,47,134,221
483.jpg,300,300,shorts,59,34,249,271
484.jpg,220,300,shorts,34,8,197,119
485.jpg,177,300,jeans,69,136,107,259
486.jpg,300,300,shorts,27,45,272,229
487.jpg,200,250,shorts,63,11,151,86
488.jpg,200,250,shorts,48,10,143,104
489.jpg,300,291,skirt,173,10,277,104
489.jpg,300,291,skirt,27,18,134,106
49.jpg,220,293,jeans,49,15,174,278
490.jpg,206,300,skirt,44,166,149,263
490.jpg,206,300,sleeveless,56,67,139,165
491.jpg,293,300,t-shirt,11,2,280,297
492.jpg,300,300,t-shirt,52,53,229,278
493.jpg,231,300,t-shirt,8,4,228,291
494.jpg,205,300,trouser,61,113,141,279
495.jpg,205,300,trouser,63,22,146,252
496.jpg,92,300,jeans,11,135,62,230
497.jpg,246,300,trouser,67,1,192,255
498.jpg,300,300,jeans,126,113,189,264
498.jpg,300,300,t-shirt,120,47,193,108
499.jpg,300,300,trouser,89,11,217,287
5.jpg,212,300,jeans,54,9,153,214
50.jpg,214,300,jeans,64,113,133,245
50.jpg,214,300,t-shirt,74,48,143,111
500.jpg,200,300,skirt,71,57,142,284
501.jpg,188,250,skirt,61,63,124,129
501.jpg,188,250,sleeveless,71,10,114,66
502.jpg,235,300,skirt,77,74,165,290
503.jpg,236,300,skirt,80,48,144,226
504.jpg,210,294,skirt,73,109,133,195
504.jpg,210,294,t-shirt,69,48,144,111
505.jpg,160,300,jeans,15,2,155,248
506.jpg,127,299,jeans,16,68,105,284
507.jpg,300,300,jeans,89,1,217,264
508.jpg,300,300,jeans,84,23,197,266
509.jpg,200,300,shorts,27,1,136,131
51.jpg,205,300,shorts,56,166,145,249
510.jpg,300,300,shorts,126,170,217,246
510.jpg,300,300,sleeveless,128,77,218,168
511.jpg,300,300,shorts,88,194,201,268
512.jpg,212,300,jeans,90,121,171,256
513.jpg,246,300,shorts,67,7,185,177
514.jpg,230,300,skirt,70,9,159,116
515.jpg,300,300,t-shirt,28,2,267,293
516.jpg,200,300,t-shirt,50,87,161,239
517.jpg,229,300,t-shirt,45,114,186,280
518.jpg,194,301,t-shirt,20,79,176,268
519.jpg,205,301,jeans,38,16,125,235
52.jpg,300,300,shorts,116,3,209,93
520.jpg,241,300,trouser,63,11,184,249
521.jpg,241,300,trouser,50,16,189,251
522.jpg,300,300,skirt,100,13,195,275
523.jpg,207,300,jeans,63,137,144,235
524.jpg,231,300,skirt,67,74,167,274
525.jpg,282,300,skirt,77,72,208,290
526.jpg,196,300,sleeveless,52,85,148,264
527.jpg,240,300,sleeveless,74,73,171,269
528.jpg,300,300,jeans,99,9,199,279
529.jpg,201,300,shorts,7,39,199,174
53.jpg,300,300,shorts,43,6,273,266
530.jpg,207,300,shorts,61,13,161,94
531.jpg,211,300,jeans,73,107,142,270
531.jpg,211,300,t-shirt,68,56,145,114
532.jpg,278,300,jeans,85,7,194,293
533.jpg,236,300,shorts,69,9,162,99
534.jpg,300,300,shorts,4,46,299,247
535.jpg,300,300,shorts,98,29,196,130
536.jpg,300,300,skirt,114,48,176,182
537.jpg,282,300,t-shirt,38,10,242,293
538.jpg,225,300,sleeveless,46,21,197,279
539.jpg,215,300,t-shirt,19,46,205,261
54.jpg,201,300,jeans,61,136,135,260
540.jpg,300,300,trouser,64,47,212,215
541.jpg,244,301,trouser,82,122,162,275
542.jpg,241,300,trouser,59,19,191,244
543.jpg,300,300,trouser,178,37,288,257
543.jpg,300,300,trouser,27,23,134,244
544.jpg,208,301,trouser,83,108,160,285
545.jpg,228,300,skirt,43,19,206,230
546.jpg,219,300,skirt,78,129,143,180
546.jpg,219,300,sleeveless,77,60,133,139
547.jpg,300,300,skirt,100,64,236,270
548.jpg,300,300,skirt,99,55,170,183
549.jpg,205,300,t-shirt,60,73,161,259
55.jpg,299,300,trouser,17,33,129,229
55.jpg,299,300,trouser,164,128,223,249
55.jpg,299,300,trouser,235,127,287,252
55.jpg,299,300,trouser,202,2,255,123
550.jpg,196,300,sleeveless,58,85,150,257
551.jpg,236,300,jeans,78,85,236,266
552.jpg,225,300,jeans,77,44,156,244
553.jpg,171,300,jeans,19,4,141,265
554.jpg,200,250,shorts,49,10,143,77
555.jpg,300,300,shorts,36,36,267,264
556.jpg,205,251,sleeveless,75,35,127,131
556.jpg,205,251,shorts,78,114,124,146
557.jpg,205,300,shorts,47,191,156,256
557.jpg,205,300,t-shirt,43,73,170,190
558.jpg,200,300,skirt,57,106,140,179
558.jpg,200,300,t-shirt,62,52,138,113
559.jpg,256,300,t-shirt,19,16,241,283
56.jpg,229,300,trouser,61,9,168,255
560.jpg,194,301,t-shirt,33,78,159,252
561.jpg,202,270,trouser,50,32,157,183
562.jpg,300,300,trouser,104,129,189,266
563.jpg,200,300,trouser,83,144,146,266
563.jpg,200,300,t-shirt,86,67,152,153
564.jpg,300,300,trouser,106,38,188,239
564.jpg,300,300,trouser,205,34,295,238
564.jpg,300,300,trouser,5,34,89,244
565.jpg,200,300,skirt,67,47,134,227
566.jpg,240,300,skirt,66,28,184,265
567.jpg,137,300,skirt,34,55,105,174
568.jpg,300,300,sleeveless,99,67,202,231
569.jpg,200,300,jeans,49,27,154,229
57.jpg,300,300,trouser,112,125,186,261
57.jpg,300,300,sleeveless,120,48,177,123
570.jpg,205,300,sleeveless,53,88,157,259
571.jpg,170,198,shorts,53,7,126,58
572.jpg,225,301,skirt,79,115,139,268
572.jpg,225,301,sleeveless,84,49,147,158
573.jpg,180,301,jeans,37,27,145,263
574.jpg,240,300,shorts,49,43,240,244
575.jpg,250,300,skirt,99,118,148,160
575.jpg,250,300,t-shirt,89,63,149,123
576.jpg,300,300,skirt,189,179,280,283
576.jpg,300,300,t-shirt,187,82,281,170
576.jpg,300,300,t-shirt,38,71,109,129
576.jpg,300,300,skirt,44,130,120,202
577.jpg,286,300,t-shirt,5,9,280,292
578.jpg,227,301,shorts,43,30,169,158
579.jpg,300,300,skirt,1,29,300,261
58.jpg,193,300,trouser,36,2,162,257
580.jpg,200,300,skirt,61,105,151,231
580.jpg,200,300,sleeveless,74,58,135,117
581.jpg,300,300,sleeveless,82,23,190,291
582.jpg,300,200,skirt,150,106,237,187
582.jpg,300,200,sleeveless,176,42,242,111
583.jpg,299,300,t-shirt,28,9,270,286
584.jpg,236,236,t-shirt,22,5,203,235
585.jpg,236,300,t-shirt,36,78,210,287
586.jpg,300,300,t-shirt,59,48,248,247
587.jpg,300,279,trouser,188,58,263,202
587.jpg,300,279,trouser,36,47,124,216
588.jpg,205,300,jeans,62,110,131,266
588.jpg,205,300,sleeveless,58,42,120,123
589.jpg,240,300,jeans,57,28,174,220
59.jpg,199,300,trouser,76,160,133,257
590.jpg,301,301,shorts,57,4,216,294
591.jpg,197,300,jeans,49,134,131,269
592.jpg,215,300,skirt,76,47,135,176
593.jpg,200,300,skirt,63,46,133,174
594.jpg,200,300,skirt,19,56,162,264
595.jpg,300,300,sleeveless,94,69,211,232
595.jpg,300,300,shorts,99,219,215,269
596.jpg,300,239,sleeveless,82,25,217,178
597.jpg,173,250,shorts,37,134,129,212
598.jpg,200,250,jeans,56,6,144,243
599.jpg,300,300,jeans,93,4,193,257
6.jpg,300,300,jeans,95,13,209,272
60.jpg,300,300,jeans,104,21,200,243
600.jpg,190,246,jeans,68,36,123,173
601.jpg,236,300,shorts,75,104,128,154
602.jpg,196,300,shorts,52,35,166,174
603.jpg,300,300,shorts,64,40,276,178
604.jpg,201,300,jeans,56,110,121,261
605.jpg,300,300,shorts,75,25,230,260
606.jpg,235,300,skirt,43,70,175,269
607.jpg,187,300,skirt,13,174,167,273
607.jpg,187,300,sleeveless,69,91,144,179
608.jpg,244,300,t-shirt,2,7,240,294
609.jpg,300,300,t-shirt,78,83,221,266
61.jpg,221,300,jeans,55,26,167,258
610.jpg,300,300,t-shirt,193,44,292,153
610.jpg,300,300,t-shirt,12,76,171,259
611.jpg,205,301,t-shirt,29,15,194,254
612.jpg,290,300,trouser,170,19,284,259
612.jpg,290,300,trouser,38,146,130,275
613.jpg,244,301,trouser,81,125,167,272
613.jpg,244,301,t-shirt,80,61,169,137
614.jpg,159,300,trouser,48,139,114,259
615.jpg,300,300,skirt,4,15,298,289
616.jpg,213,300,trouser,49,14,176,235
617.jpg,246,300,trouser,48,3,181,254
618.jpg,226,300,skirt,51,10,179,300
619.jpg,200,300,skirt,45,68,172,294
62.jpg,216,300,jeans,57,24,153,242
620.jpg,200,300,skirt,38,64,168,252
621.jpg,210,300,sleeveless,44,75,160,266
622.jpg,205,300,sleeveless,51,71,140,229
623.jpg,208,301,jeans,50,14,159,264
624.jpg,205,301,shorts,10,55,199,185
625.jpg,300,300,jeans,95,1,200,298
626.jpg,205,300,jeans,88,121,149,275
627.jpg,257,300,jeans,75,11,183,263
628.jpg,201,300,shorts,63,159,163,246
629.jpg,267,300,shorts,56,32,212,127
63.jpg,196,300,jeans,46,20,146,258
630.jpg,300,279,shorts,29,25,282,255
631.jpg,300,300,shorts,59,55,241,251
632.jpg,207,300,skirt,64,189,145,235
632.jpg,207,300,sleeveless,64,65,139,195
633.jpg,205,301,skirt,51,38,154,135
634.jpg,200,300,skirt,37,175,169,293
635.jpg,301,301,t-shirt,59,61,239,240
636.jpg,200,300,t-shirt,24,17,173,210
637.jpg,300,285,trouser,170,20,286,271
637.jpg,300,285,trouser,32,15,123,221
638.jpg,200,250,trouser,55,13,138,174
639.jpg,181,300,trouser,45,127,114,269
64.jpg,240,300,jeans,89,116,152,266
640.jpg,225,300,trouser,91,154,139,262
641.jpg,300,300,jeans,178,9,276,229
641.jpg,300,300,jeans,25,5,120,231
642.jpg,200,300,skirt,44,77,132,273
643.jpg,200,300,skirt,72,49,125,178
644.jpg,201,300,skirt,60,64,178,282
645.jpg,205,301,jeans,48,128,118,264
645.jpg,205,301,t-shirt,50,55,122,127
646.jpg,200,250,skirt,61,148,127,241
646.jpg,200,250,sleeveless,67,43,129,173
647.jpg,237,300,jeans,73,11,167,242
648.jpg,300,300,jeans,104,17,199,254
649.jpg,150,200,jeans,41,19,106,179
65.jpg,235,300,jeans,55,17,178,281
650.jpg,300,300,jeans,106,8,195,256
651.jpg,300,300,jeans,114,4,207,265
652.jpg,240,300,shorts,82,5,167,87
653.jpg,300,300,shorts,95,38,199,122
654.jpg,198,300,shorts,52,48,145,147
655.jpg,300,280,shorts,14,18,295,263
656.jpg,200,300,skirt,65,116,123,219
657.jpg,202,300,t-shirt,1,4,202,297
658.jpg,170,300,shorts,28,179,104,237
658.jpg,170,300,sleeveless,39,65,114,187
659.jpg,300,300,t-shirt,22,124,254,297
66.jpg,300,300,shorts,101,190,204,279
660.jpg,300,300,trouser,175,9,287,269
660.jpg,300,300,trouser,26,57,130,210
661.jpg,200,300,trouser,70,114,134,257
661.jpg,200,300,sleeveless,79,46,134,117
662.jpg,300,300,trouser,170,25,263,228
662.jpg,300,300,trouser,44,28,137,218
663.jpg,199,300,trouser,80,134,160,257
663.jpg,199,300,t-shirt,69,47,183,148
664.jpg,300,300,trouser,203,15,287,243
664.jpg,300,300,trouser,106,6,195,241
664.jpg,300,300,trouser,9,7,95,243
665.jpg,300,300,shorts,103,6,199,86
666.jpg,300,300,skirt,113,84,199,286
667.jpg,200,300,skirt,42,67,166,295
668.jpg,236,300,skirt,72,37,142,204
669.jpg,141,250,sleeveless,40,53,105,184
67.jpg,201,300,shorts,57,159,156,272
67.jpg,201,300,sleeveless,61,60,149,157
670.jpg,200,250,sleeveless,62,53,153,202
671.jpg,229,300,jeans,64,1,163,261
672.jpg,150,200,jeans,34,8,107,165
673.jpg,225,300,jeans,50,21,164,264
674.jpg,196,300,shorts,38,11,167,150
675.jpg,237,300,jeans,72,17,168,257
676.jpg,216,300,shorts,38,39,195,175
677.jpg,136,300,shorts,13,4,123,96
678.jpg,200,300,jeans,70,134,129,248
679.jpg,200,300,skirt,71,98,126,193
68.jpg,200,250,jeans,41,5,124,202
680.jpg,300,300,t-shirt,3,27,300,275
681.jpg,200,300,t-shirt,30,34,180,238
682.jpg,300,158,trouser,109,34,217,158
683.jpg,204,300,trouser,53,109,141,267
684.jpg,300,278,trouser,182,102,233,234
684.jpg,300,278,trouser,44,174,136,276
685.jpg,201,300,skirt,54,71,147,288
686.jpg,225,300,skirt,69,63,167,284
687.jpg,205,300,skirt,54,67,179,274
688.jpg,225,300,sleeveless,61,80,169,267
689.jpg,233,300,jeans,85,132,141,256
69.jpg,199,301,shorts,69,120,131,162
690.jpg,205,300,sleeveless,44,86,171,242
691.jpg,240,300,jeans,58,22,179,288
692.jpg,250,300,jeans,81,9,176,245
693.jpg,200,300,jeans,60,47,148,254
694.jpg,300,300,shorts,12,37,282,259
695.jpg,254,300,jeans,59,4,187,294
696.jpg,160,200,shorts,1,40,160,160
697.jpg,188,301,skirt,58,110,138,200
697.jpg,188,301,sleeveless,78,52,128,104
698.jpg,200,250,shorts,17,12,176,183
699.jpg,203,300,skirt,69,119,195,210
699.jpg,203,300,sleeveless,6,8,89,150
699.jpg,203,300,t-shirt,79,8,184,115
7.jpg,227,301,jeans,70,56,157,285
70.jpg,200,250,shorts,27,36,168,167
700.jpg,212,300,skirt,59,4,146,161
701.jpg,203,300,t-shirt,5,15,196,249
702.jpg,300,300,t-shirt,16,1,283,294
703.jpg,300,180,t-shirt,84,8,215,169
704.jpg,300,300,t-shirt,46,14,257,286
705.jpg,201,300,trouser,61,8,164,248
706.jpg,205,300,jeans,44,12,149,246
707.jpg,300,300,trouser,133,4,231,250
708.jpg,225,300,trouser,60,14,168,281
709.jpg,300,300,shorts,98,11,199,93
71.jpg,200,250,shorts,8,7,193,154
710.jpg,208,300,trouser,63,119,121,261
710.jpg,208,300,t-shirt,57,54,134,126
711.jpg,300,300,skirt,99,73,199,272
712.jpg,204,300,trouser,78,113,145,284
712.jpg,204,300,sleeveless,90,44,142,115
713.jpg,236,300,skirt,52,72,210,280
714.jpg,196,301,sleeveless,47,81,152,245
715.jpg,200,250,sleeveless,61,70,149,189
716.jpg,236,300,jeans,73,72,221,264
717.jpg,201,300,skirt,45,24,147,85
718.jpg,300,300,jeans,93,2,207,298
719.jpg,205,300,jeans,77,124,147,263
719.jpg,205,300,sleeveless,92,57,149,131
72.jpg,293,300,trouser,40,21,144,258
72.jpg,293,300,trouser,222,147,288,263
720.jpg,201,300,jeans,76,108,135,268
721.jpg,246,300,shorts,1,42,245,236
722.jpg,196,300,shorts,39,4,142,103
723.jpg,209,300,jeans,68,104,129,255
723.jpg,209,300,sleeveless,69,39,126,101
724.jpg,200,250,shorts,12,20,200,209
725.jpg,300,300,shorts,87,9,189,82
726.jpg,300,300,shorts,42,6,266,295
727.jpg,265,300,skirt,67,15,191,109
728.jpg,205,300,skirt,49,156,170,266
728.jpg,205,300,sleeveless,55,67,153,164
729.jpg,109,300,skirt,25,127,80,241
73.jpg,205,300,trouser,70,107,139,247
73.jpg,205,300,t-shirt,60,48,143,105
730.jpg,201,300,t-shirt,1,25,197,273
731.jpg,300,298,t-shirt,8,3,300,294
732.jpg,300,300,t-shirt,27,20,273,281
733.jpg,241,300,trouser,53,6,167,254
734.jpg,195,300,jeans,85,147,147,238
735.jpg,246,300,trouser,70,9,179,259
736.jpg,300,300,trouser,101,8,229,262
737.jpg,200,300,trouser,80,120,128,281
738.jpg,256,300,skirt,51,25,196,280
739.jpg,300,300,skirt,106,20,199,222
74.jpg,201,301,trouser,48,4,152,294
740.jpg,282,300,skirt,73,106,204,270
741.jpg,258,300,sleeveless,58,87,158,284
742.jpg,300,300,sleeveless,94,37,212,234
743.jpg,200,300,jeans,47,9,152,290
744.jpg,196,300,jeans,51,14,145,240
745.jpg,226,300,jeans,67,15,183,259
746.jpg,205,300,jeans,37,120,126,266
746.jpg,205,300,t-shirt,36,47,117,148
747.jpg,248,300,jeans,77,17,178,277
748.jpg,286,300,shorts,68,23,230,156
749.jpg,213,300,shorts,11,12,206,176
75.jpg,300,243,trouser,168,9,300,232
75.jpg,300,243,trouser,62,97,119,201
750.jpg,300,300,jeans,94,123,172,259
751.jpg,298,301,shorts,51,22,256,271
752.jpg,200,300,skirt,89,115,141,156
752.jpg,200,300,t-shirt,67,53,133,117
753.jpg,224,300,skirt,55,102,129,174
753.jpg,224,300,sleeveless,71,39,123,109
754.jpg,300,300,t-shirt,29,2,272,298
755.jpg,300,300,t-shirt,93,75,202,238
756.jpg,301,301,t-shirt,28,8,275,288
757.jpg,300,300,t-shirt,1,1,296,297
758.jpg,205,300,trouser,25,28,184,260
759.jpg,170,301,trouser,12,11,160,262
76.jpg,153,301,jeans,33,42,123,210
760.jpg,200,300,trouser,78,148,147,262
760.jpg,200,300,t-shirt,85,99,140,146
761.jpg,225,300,shorts,14,59,216,224
762.jpg,300,297,trouser,149,8,270,244
762.jpg,300,297,trouser,27,132,118,247
763.jpg,300,300,sleeveless,115,48,185,176
764.jpg,200,300,sleeveless,38,65,167,283
765.jpg,300,300,sleeveless,100,81,178,177
765.jpg,300,300,skirt,55,177,248,292
766.jpg,301,301,sleeveless,96,75,225,238
766.jpg,301,301,trouser,93,215,229,301
767.jpg,154,300,sleeveless,23,43,94,134
767.jpg,154,300,shorts,10,126,102,161
768.jpg,237,300,jeans,24,8,224,279
769.jpg,229,300,jeans,38,38,175,250
77.jpg,300,300,jeans,99,43,198,268
770.jpg,186,300,shorts,70,16,164,96
771.jpg,164,205,shorts,18,2,156,144
772.jpg,300,300,jeans,78,15,236,265
773.jpg,205,300,t-shirt,54,77,177,178
773.jpg,205,300,shorts,46,173,183,257
774.jpg,300,300,shorts,56,16,248,285
775.jpg,251,300,jeans,1,87,88,250
775.jpg,251,300,t-shirt,2,24,91,94
775.jpg,251,300,t-shirt,171,38,246,100
775.jpg,251,300,jeans,164,89,246,249
776.jpg,236,300,skirt,96,112,175,165
777.jpg,160,300,skirt,34,127,116,231
778.jpg,201,300,skirt,86,121,150,224
779.jpg,300,239,t-shirt,31,1,275,239
78.jpg,300,300,jeans,80,56,170,274
780.jpg,210,300,trouser,94,117,191,249
781.jpg,201,301,t-shirt,13,65,201,242
781.jpg,201,301,trouser,32,219,167,301
782.jpg,240,300,t-shirt,53,78,190,241
782.jpg,240,300,jeans,66,228,178,300
783.jpg,300,300,t-shirt,14,10,288,285
784.jpg,254,300,trouser,52,3,197,297
785.jpg,246,300,trouser,70,3,197,236
786.jpg,182,301,trouser,58,143,137,265
786.jpg,182,301,t-shirt,39,49,134,149
787.jpg,183,300,trouser,34,14,160,250
788.jpg,300,224,trouser,97,6,188,178
789.jpg,208,300,skirt,45,160,165,281
789.jpg,208,300,sleeveless,71,80,154,158
79.jpg,188,250,jeans,50,1,138,222
790.jpg,300,300,sleeveless,163,71,253,161
790.jpg,300,300,sleeveless,33,35,115,111
790.jpg,300,300,sleeveless,22,231,48,256
790.jpg,300,300,sleeveless,50,233,72,259
790.jpg,300,300,sleeveless,75,232,98,258
790.jpg,300,300,sleeveless,103,231,125,258
790.jpg,300,300,shorts,157,165,268,271
790.jpg,300,300,shorts,39,98,124,181
790.jpg,300,300,shorts,98,256,132,282
790.jpg,300,300,shorts,17,256,47,282
790.jpg,300,300,shorts,50,254,73,284
790.jpg,300,300,shorts,75,254,99,286
791.jpg,200,300,skirt,37,96,119,210
791.jpg,200,300,sleeveless,57,44,117,96
792.jpg,300,300,sleeveless,90,67,226,267
793.jpg,205,301,sleeveless,42,62,167,219
793.jpg,205,301,jeans,37,212,155,301
794.jpg,210,300,jeans,43,8,174,261
795.jpg,227,301,trouser,50,9,172,299
796.jpg,300,300,shorts,84,9,228,81
797.jpg,162,300,jeans,1,3,162,296
798.jpg,300,300,shorts,8,45,298,274
799.jpg,300,300,shorts,85,30,239,156
8.jpg,300,300,jeans,77,7,202,242
80.jpg,196,300,shorts,47,8,159,149
800.jpg,184,230,shorts,36,10,150,126
801.jpg,300,190,jeans,17,94,77,180
801.jpg,300,190,jeans,125,84,191,175
801.jpg,300,190,jeans,225,99,292,175
802.jpg,223,300,shorts,43,20,176,143
803.jpg,226,300,skirt,74,136,159,230
804.jpg,175,300,skirt,54,121,125,219
805.jpg,200,300,skirt,27,1,180,113
806.jpg,236,236,t-shirt,13,1,221,233
807.jpg,289,300,t-shirt,63,108,214,296
808.jpg,225,300,t-shirt,44,82,192,266
809.jpg,300,300,t-shirt,33,23,279,274
81.jpg,170,301,jeans,34,41,135,260
810.jpg,205,300,trouser,52,8,175,249
811.jpg,205,300,trouser,58,118,128,263
812.jpg,165,300,jeans,47,135,119,262
813.jpg,300,300,trouser,76,1,230,196
814.jpg,205,300,trouser,49,37,132,242
815.jpg,200,300,trouser,60,145,144,246
816.jpg,200,300,skirt,50,142,168,282
817.jpg,201,300,skirt,47,165,163,269
817.jpg,201,300,sleeveless,37,71,162,167
818.jpg,231,300,skirt,75,98,152,183
818.jpg,231,300,sleeveless,90,47,149,98
819.jpg,205,300,trouser,51,226,154,298
82.jpg,300,300,shorts,27,37,224,216
820.jpg,300,300,sleeveless,93,83,222,240
821.jpg,221,300,jeans,59,35,167,269
822.jpg,246,300,jeans,66,1,188,272
823.jpg,201,300,jeans,28,10,183,245
824.jpg,248,300,jeans,89,17,195,289
825.jpg,194,300,shorts,10,36,188,195
826.jpg,145,300,shorts,6,5,129,156
827.jpg,200,250,shorts,1,45,198,199
828.jpg,239,300,jeans,83,114,160,275
828.jpg,239,300,t-shirt,76,48,164,118
829.jpg,300,300,shorts,49,33,267,261
83.jpg,180,180,shorts,30,12,150,171
830.jpg,176,300,skirt,57,124,133,183
830.jpg,176,300,sleeveless,66,70,118,124
831.jpg,225,300,skirt,49,62,192,221
832.jpg,219,300,t-shirt,1,26,212,288
833.jpg,210,210,t-shirt,77,60,202,202
833.jpg,210,210,trouser,24,103,74,197
834.jpg,301,173,t-shirt,164,6,288,171
835.jpg,223,300,t-shirt,35,74,190,296
836.jpg,255,300,trouser,5,26,100,249
836.jpg,255,300,trouser,131,32,246,240
837.jpg,200,250,sleeveless,74,41,144,130
837.jpg,200,250,trouser,80,107,153,226
838.jpg,270,300,trouser,74,1,180,260
839.jpg,200,300,jeans,72,141,134,254
84.jpg,196,300,shorts,56,14,161,145
840.jpg,300,225,trouser,46,108,103,189
841.jpg,220,300,jeans,68,137,155,265
841.jpg,220,300,t-shirt,74,56,152,153
842.jpg,231,300,sleeveless,68,59,166,222
842.jpg,231,300,skirt,58,208,172,273
843.jpg,300,300,sleeveless,121,37,184,142
843.jpg,300,300,skirt,113,138,185,184
844.jpg,205,300,skirt,35,170,167,285
845.jpg,200,300,sleeveless,21,105,179,259
846.jpg,200,250,sleeveless,44,65,161,209
846.jpg,200,250,jeans,55,186,141,249
847.jpg,208,301,jeans,37,11,164,264
848.jpg,254,300,jeans,96,10,209,271
849.jpg,205,300,jeans,59,125,139,274
849.jpg,205,300,t-shirt,58,48,157,142
85.jpg,205,300,skirt,45,164,157,264
85.jpg,205,300,sleeveless,57,66,141,164
850.jpg,228,301,jeans,59,3,171,301
851.jpg,300,300,shorts,90,14,210,89
852.jpg,300,300,shorts,51,24,245,233
853.jpg,205,300,shorts,20,20,192,241
854.jpg,208,300,skirt,12,163,198,287
854.jpg,208,300,t-shirt,13,76,178,192
855.jpg,215,300,sleeveless,53,76,165,165
855.jpg,215,300,skirt,50,151,170,281
856.jpg,300,239,t-shirt,1,1,298,236
857.jpg,200,300,trouser,62,136,137,266
858.jpg,170,300,t-shirt,24,66,159,196
858.jpg,170,300,skirt,48,186,152,248
859.jpg,211,300,t-shirt,20,48,199,293
86.jpg,197,300,skirt,2,14,197,168
860.jpg,200,300,t-shirt,27,45,154,142
860.jpg,200,300,trouser,51,119,149,287
861.jpg,250,300,t-shirt,8,46,244,252
862.jpg,246,300,trouser,2,10,138,286
862.jpg,246,300,trouser,187,7,233,136
862.jpg,246,300,trouser,188,144,241,292
862.jpg,246,300,trouser,129,151,186,292
862.jpg,246,300,trouser,123,4,184,141
863.jpg,240,300,trouser,55,26,193,261
864.jpg,300,300,trouser,28,129,74,275
864.jpg,300,300,trouser,126,122,170,282
864.jpg,300,300,trouser,215,123,280,271
864.jpg,300,300,t-shirt,6,71,88,152
864.jpg,300,300,t-shirt,106,71,193,181
864.jpg,300,300,t-shirt,214,73,295,153
865.jpg,300,300,jeans,78,22,218,253
866.jpg,208,300,skirt,32,102,125,211
867.jpg,300,300,skirt,32,172,186,286
867.jpg,300,300,sleeveless,40,56,188,196
868.jpg,215,300,shorts,35,170,177,271
869.jpg,216,300,skirt,21,171,171,276
869.jpg,216,300,sleeveless,52,60,169,197
87.jpg,300,283,trouser,50,138,112,244
87.jpg,300,283,t-shirt,41,49,122,134
87.jpg,300,283,trouser,166,60,264,239
870.jpg,202,270,sleeveless,54,67,173,170
870.jpg,202,270,skirt,66,154,173,254
871.jpg,196,300,sleeveless,40,64,164,219
871.jpg,196,300,trouser,39,189,138,300
872.jpg,300,300,jeans,88,5,220,281
873.jpg,225,300,trouser,42,4,188,260
874.jpg,231,300,jeans,70,29,172,268
875.jpg,300,300,shorts,94,5,203,171
876.jpg,205,301,shorts,11,58,193,217
877.jpg,300,300,shorts,59,13,254,254
878.jpg,200,200,sleeveless,62,45,140,123
878.jpg,200,200,shorts,69,112,138,181
879.jpg,300,272,shorts,25,16,288,261
88.jpg,300,300,trouser,87,12,214,289
880.jpg,300,300,skirt,12,6,298,291
881.jpg,272,300,t-shirt,30,19,253,299
882.jpg,235,300,t-shirt,33,49,206,241
883.jpg,300,300,t-shirt,78,66,216,221
883.jpg,300,300,trouser,95,182,204,299
884.jpg,300,300,t-shirt,63,65,250,267
885.jpg,300,300,t-shirt,37,35,259,297
886.jpg,240,300,trouser,57,1,193,239
887.jpg,158,300,trouser,18,5,140,266
888.jpg,300,300,trouser,135,4,253,246
889.jpg,200,221,trouser,48,19,160,200
89.jpg,300,300,trouser,19,142,70,244
89.jpg,300,300,trouser,97,24,194,220
89.jpg,300,300,trouser,219,124,289,252
890.jpg,300,300,shorts,21,34,295,237
891.jpg,206,300,skirt,35,177,171,286
891.jpg,206,300,sleeveless,30,35,186,209
892.jpg,246,300,skirt,77,109,163,212
892.jpg,246,300,sleeveless,88,48,155,138
893.jpg,179,300,sleeveless,43,71,141,168
893.jpg,179,300,skirt,15,155,161,273
894.jpg,234,300,sleeveless,55,49,180,190
894.jpg,234,300,skirt,37,155,195,296
895.jpg,300,300,sleeveless,78,64,225,289
896.jpg,208,301,jeans,32,19,175,265
897.jpg,225,300,jeans,68,15,154,254
898.jpg,170,300,shorts,22,6,145,135
899.jpg,300,300,shorts,78,93,227,243
9.jpg,300,300,jeans,29,3,145,299
9.jpg,300,300,jeans,162,3,272,294
90.jpg,236,291,trouser,87,115,169,251
90.jpg,236,291,t-shirt,71,39,162,122
900.jpg,200,250,shorts,28,103,160,191
900.jpg,200,250,sleeveless,26,1,165,121
901.jpg,251,300,shorts,8,29,246,262
902.jpg,200,300,skirt,31,7,183,209
903.jpg,200,250,shorts,3,20,196,227
904.jpg,205,300,t-shirt,37,60,174,234
904.jpg,205,300,skirt,35,151,164,281
905.jpg,265,300,skirt,96,143,215,256
906.jpg,253,300,t-shirt,2,4,250,298
907.jpg,225,300,t-shirt,34,86,192,288
908.jpg,249,300,t-shirt,1,6,247,298
909.jpg,196,300,t-shirt,8,30,185,251
91.jpg,200,250,shorts,54,22,150,129
910.jpg,200,300,trouser,17,11,179,237
911.jpg,205,300,trouser,39,108,158,254
911.jpg,205,300,t-shirt,60,33,153,115
912.jpg,298,300,trouser,159,7,287,293
912.jpg,298,300,trouser,13,5,147,298
913.jpg,201,300,jeans,70,154,144,268
914.jpg,300,300,skirt,77,151,212,271
914.jpg,300,300,sleeveless,107,56,203,157
915.jpg,300,300,skirt,92,190,235,292
915.jpg,300,300,sleeveless,105,69,225,211
916.jpg,200,300,sleeveless,24,10,178,171
916.jpg,200,300,shorts,23,159,187,294
917.jpg,300,300,sleeveless,115,76,225,178
917.jpg,300,300,skirt,106,149,226,275
918.jpg,202,270,sleeveless,44,54,162,221
919.jpg,300,285,sleeveless,92,65,214,228
92.jpg,251,300,jeans,74,4,181,296
920.jpg,238,300,jeans,51,45,187,275
921.jpg,250,300,jeans,78,1,178,254
922.jpg,223,300,trouser,56,3,170,257
923.jpg,225,300,jeans,49,1,178,300
924.jpg,300,300,shorts,54,31,254,230
925.jpg,300,300,shorts,95,6,211,134
926.jpg,300,300,shorts,23,67,271,297
927.jpg,207,300,shorts,17,20,196,208
928.jpg,170,301,skirt,37,7,136,156
929.jpg,205,300,skirt,31,168,172,286
93.jpg,257,300,jeans,84,12,173,254
930.jpg,300,300,t-shirt,5,1,291,299
931.jpg,200,300,t-shirt,37,65,174,280
932.jpg,170,300,sleeveless,45,62,138,157
932.jpg,170,300,skirt,31,140,142,243
933.jpg,275,300,t-shirt,45,55,250,287
934.jpg,254,300,t-shirt,43,28,216,245
935.jpg,300,300,trouser,82,106,215,300
935.jpg,300,300,t-shirt,100,3,227,119
936.jpg,300,300,trouser,58,123,180,254
936.jpg,300,300,t-shirt,57,37,159,145
937.jpg,240,300,sleeveless,71,15,165,147
938.jpg,236,301,shorts,62,107,149,173
938.jpg,236,301,sleeveless,69,39,150,139
939.jpg,236,300,skirt,45,186,159,295
939.jpg,236,300,sleeveless,47,51,178,209
94.jpg,224,274,jeans,66,1,157,235
940.jpg,200,300,sleeveless,43,19,176,175
940.jpg,200,300,shorts,28,152,180,289
941.jpg,300,300,skirt,83,172,226,282
941.jpg,300,300,sleeveless,103,68,208,200
942.jpg,196,300,sleeveless,47,67,168,243
943.jpg,205,300,sleeveless,47,65,177,244
944.jpg,237,300,jeans,43,15,208,271
945.jpg,178,282,jeans,91,44,166,244
945.jpg,178,282,jeans,5,115,74,251
946.jpg,209,300,jeans,50,1,152,251
947.jpg,237,300,jeans,68,16,171,265
948.jpg,190,300,shorts,19,60,189,210
949.jpg,300,300,shorts,47,46,239,182
95.jpg,196,300,shorts,39,12,153,154
950.jpg,300,300,shorts,89,7,212,115
951.jpg,236,300,jeans,81,127,166,262
951.jpg,236,300,sleeveless,96,55,177,161
952.jpg,201,300,skirt,47,162,138,271
953.jpg,225,300,t-shirt,81,76,172,232
954.jpg,211,300,t-shirt,12,76,197,293
955.jpg,200,300,trouser,77,133,163,250
955.jpg,200,300,t-shirt,65,13,164,125
956.jpg,194,301,t-shirt,25,84,170,254
956.jpg,194,301,jeans,37,209,136,301
957.jpg,205,300,trouser,101,112,179,269
957.jpg,205,300,t-shirt,98,43,198,147
958.jpg,152,300,trouser,20,12,127,243
959.jpg,199,301,trouser,54,9,155,264
96.jpg,180,300,shorts,63,125,120,162
960.jpg,300,264,skirt,87,115,218,249
960.jpg,300,264,sleeveless,86,8,220,171
961.jpg,200,300,skirt,32,164,178,292
961.jpg,200,300,sleeveless,37,47,170,213
962.jpg,200,300,jeans,63,119,131,248
963.jpg,244,300,sleeveless,78,71,191,207
963.jpg,244,300,skirt,71,180,193,300
964.jpg,240,300,sleeveless,58,77,175,225
965.jpg,210,300,jeans,37,25,182,251
966.jpg,196,300,shorts,43,1,172,152
967.jpg,190,246,jeans,49,4,152,205
968.jpg,231,300,jeans,60,16,182,266
969.jpg,197,300,shorts,13,69,192,217
97.jpg,246,300,shorts,77,1,177,137
970.jpg,206,300,shorts,32,185,160,264
970.jpg,206,300,t-shirt,48,69,162,214
971.jpg,253,300,t-shirt,15,71,148,193
971.jpg,253,300,skirt,32,180,141,271
972.jpg,300,300,skirt,9,25,289,296
973.jpg,300,285,skirt,30,117,126,202
973.jpg,300,285,skirt,159,189,300,285
973.jpg,300,285,t-shirt,150,86,290,215
974.jpg,300,192,t-shirt,26,1,267,189
975.jpg,200,300,t-shirt,16,39,179,253
976.jpg,300,300,trouser,61,87,200,291
977.jpg,200,300,trouser,51,110,139,270
977.jpg,200,300,t-shirt,55,52,137,110
978.jpg,240,300,trouser,23,9,215,299
979.jpg,225,300,trouser,63,15,184,257
98.jpg,236,300,shorts,76,54,150,116
980.jpg,236,300,sleeveless,111,51,219,290
980.jpg,236,300,skirt,94,176,221,288
981.jpg,200,300,sleeveless,36,68,170,173
981.jpg,200,300,skirt,43,148,185,277
983.jpg,198,300,jeans,65,131,139,271
983.jpg,198,300,t-shirt,46,61,147,143
984.jpg,226,300,sleeveless,54,75,175,243
985.jpg,227,301,jeans,42,23,173,268
986.jpg,225,301,sleeveless,85,69,187,215
986.jpg,225,301,shorts,73,185,158,279
987.jpg,209,300,jeans,67,5,155,266
988.jpg,236,236,jeans,35,16,110,204
988.jpg,236,236,jeans,118,8,232,233
989.jpg,300,300,shorts,16,72,285,221
99.jpg,200,300,jeans,76,126,121,238
990.jpg,246,300,shorts,59,1,179,164
991.jpg,200,300,skirt,95,169,182,290
992.jpg,213,300,jeans,65,105,168,264
992.jpg,213,300,t-shirt,63,9,170,108
993.jpg,278,300,skirt,10,19,268,254
994.jpg,300,277,t-shirt,8,73,140,238
994.jpg,300,277,t-shirt,149,74,286,233
995.jpg,200,300,t-shirt,23,100,175,293
996.jpg,199,301,sleeveless,28,75,158,225
996.jpg,199,301,jeans,39,209,166,301
997.jpg,180,300,t-shirt,2,44,178,250
998.jpg,200,300,t-shirt,10,26,191,242
999.jpg,236,235,trouser,7,99,69,206
999.jpg,236,235,trouser,85,97,152,197
999.jpg,236,235,trouser,173,100,233,202
999.jpg,236,235,t-shirt,80,37,161,122
999.jpg,236,235,t-shirt,2,42,73,112
999.jpg,236,235,t-shirt,167,35,235,110
